,name,address,website,phone_number,reviews_count,reviews_average,images
0,Clb Billiards Angel,"162 Đ. Lê Lai, Phường Phạm Ngũ Lão, Quận 1, Thành phố Hồ Chí Minh, Vietnam",,,6,3.7,"['https://lh5.googleusercontent.com/p/AF1QipOMZ7Bmfxec20jYR-Caj8WCQy2fTZtYOzhHpzjo', 'https://lh3.googleusercontent.com/a-/AD_cMMS8A3Sk7temXaovVBGQ9nwzOM8Cbj5hLP_XQv-AOg']"
1,Clb Billiards Number One,"1 Đ. Đề Thám, Phường Cô Giang, Quận 1, Thành phố Hồ Chí Minh, Vietnam",,,,,"['https://lh5.googleusercontent.com/p/AF1QipOMZ7Bmfxec20jYR-Caj8WCQy2fTZtYOzhHpzjo', 'https://lh5.googleusercontent.com/p/AF1QipNfuKvkqfxNj-VuBLdEe8oCHVcneZYNpJWUof_2']"
2,Billiards Clup TOP ONE,"239 Đ. Số 11, Linh Xuân, Thủ Đức, Thành phố Hồ Chí Minh, Vietnam",,+84 91 986 19 95,10,4.6,"['https://lh5.googleusercontent.com/p/AF1QipPch5gM1S_X2tgOt8aHWqbABPlbnHk2VgdfvSA5', 'https://lh5.googleusercontent.com/p/AF1QipNorP9_QXEIFtzJYYfdZYk7j9v8Eyh_18d1boji']"
3,Clb Billiards Star,"D2 Đ. Nguyễn Trãi, Phường Nguyễn Cư Trinh, Quận 1, Thành phố Hồ Chí Minh, Vietnam",,,,,"['https://lh5.googleusercontent.com/p/AF1QipPch5gM1S_X2tgOt8aHWqbABPlbnHk2VgdfvSA5', 'https://lh5.googleusercontent.com/p/AF1QipOMZ7Bmfxec20jYR-Caj8WCQy2fTZtYOzhHpzjo']"
4,Clb Billiards 261,"261 Hoàng Hữu Nam, Long Thạnh Mỹ, Quận 9, Thành phố Hồ Chí Minh, Vietnam",,+84 90 225 38 22,4,4.8,"['https://lh3.googleusercontent.com/a-/AD_cMMRRs_JiRO4JUOrjcYkOn3dAmGJd6KCCRfS9Vms2PQ', 'https://lh3.googleusercontent.com/a/AAcHTtf6zRj6TwJJg3LgNjQY2krSA1l_nJMI9dExaoHA']"
5,Bida Linh Cát,"385E Đ. Nguyễn Trãi, Phường Nguyễn Cư Trinh, Quận 1, Thành phố Hồ Chí Minh, Vietnam",bida-linh-cat.business.site,+84 91 880 33 33,78,4.4,"['https://lh5.googleusercontent.com/p/AF1QipPdr4feHmtei9nb4vzCZoLOmrJ7GKV_TDJFU2Df', 'https://lh5.googleusercontent.com/p/AF1QipMGfIlstjZmLKekP0PHICqS34GOT8ZYazPngz__']"
6,Câu Lạc Bộ,"116 Đ. Nguyễn Du, Phường Bến Thành, Quận 1, Thành phố Hồ Chí Minh, Vietnam",,,1,5.0,"['https://lh5.googleusercontent.com/p/AF1QipNpPCl38iJ6ISVXZzHHeeLdqHoMYIHDKo749crY', 'https://lh5.googleusercontent.com/p/AF1QipPdr4feHmtei9nb4vzCZoLOmrJ7GKV_TDJFU2Df']"
7,Clb Billiards 32,"32 Đặng Văn Bi, Bình Thọ, Thủ Đức, Thành phố Hồ Chí Minh, Vietnam",,+84 28 3896 2262,,,"['https://lh5.googleusercontent.com/p/AF1QipNpPCl38iJ6ISVXZzHHeeLdqHoMYIHDKo749crY', 'https://lh5.googleusercontent.com/p/AF1QipN27ilCNJKLwMetrBNqUSRTZo1h-vzCWPZex93r']"
8,Billiards Club Phương Vy,"87/5 Đ. Hoàng Diệu 2, Phường Linh Trung, Thủ Đức, Thành phố Hồ Chí Minh, Vietnam",,,19,4.0,"['https://lh5.googleusercontent.com/p/AF1QipP3bCGEP967QeFyt9EUOfI_Tqbo5o0Dv2qUw6hX', 'https://lh5.googleusercontent.com/p/AF1QipOsK5QObCrS-ikVA7WjbMpFWaErneGPD1WEUKVk']"
9,Billiard A7 Club,"38 Đ. số 17, Phường Linh Trung, Thủ Đức, Thành phố Hồ Chí Minh, Vietnam",,,,,"['https://lh5.googleusercontent.com/p/AF1QipP3bCGEP967QeFyt9EUOfI_Tqbo5o0Dv2qUw6hX', 'https://lh5.googleusercontent.com/p/AF1QipNzHyoQF9Hvf4Q6oh8p3460aZVN10GGiPsYT-tA']"
10,Nhân Billiards,"108 Trần Não, Bình An, Quận 2, Thành phố Hồ Chí Minh, Vietnam",facebook.com,+84 90 166 86 88,36,4.1,"['https://lh5.googleusercontent.com/p/AF1QipPvixOz9RgSoP3j53jE8dLaLn-5HGuyfmpvJIxC', 'https://lh5.googleusercontent.com/p/AF1QipOzHOa4kkR_8odoiC56bIXw047lBxBNnLicUSGo']"
11,Club Bida Q2,"16 Đ. 12, P. Bình An, Quận 2, Thành phố Hồ Chí Minh, Vietnam",facebook.com,+84 383 275 790,25,4.2,"['https://lh5.googleusercontent.com/p/AF1QipMuUAAGS8kz2Kr0caDSdBPSkH55BVPualW1CtPW', 'https://lh5.googleusercontent.com/p/AF1QipPvixOz9RgSoP3j53jE8dLaLn-5HGuyfmpvJIxC']"
12,99 BILLIARDS CLUB QUẬN 2,"18 Nguyễn Quý Cảnh, Khu đô thị An Phú An Khánh, Quận 2, Thành phố Hồ Chí Minh, Vietnam",m.facebook.com,+84 879 606 999,12,5.0,"['https://lh5.googleusercontent.com/p/AF1QipPFm230KmsyDTYUrlDH9hKFszow_68L-AhqwkHd', 'https://lh5.googleusercontent.com/p/AF1QipMuUAAGS8kz2Kr0caDSdBPSkH55BVPualW1CtPW']"
13,Câu Lạc Bộ Văn Minh Bida Quận 2,"18 Đường số 53, An Phú, Quận 2, Thủ Đức, Thành phố Hồ Chí Minh 700000, Vietnam",bidavanminh.vn,+84 97 832 67 78,8,5.0,"['https://lh5.googleusercontent.com/p/AF1QipPs-kSrMtARKyeCJ6snAnJg-65ZNHrHDrR24zef', 'https://lh5.googleusercontent.com/p/AF1QipPFm230KmsyDTYUrlDH9hKFszow_68L-AhqwkHd']"
14,Bida Thadico,"138 Cao Đức Lân, An Phú, Quận 2, Thành phố Hồ Chí Minh 700000, Vietnam",,,11,4.1,"['https://lh5.googleusercontent.com/p/AF1QipPBkUy8XUG1o7DWEh3jmrFyMFC6_r3g5rGyVAEj', 'https://lh5.googleusercontent.com/p/AF1QipPs-kSrMtARKyeCJ6snAnJg-65ZNHrHDrR24zef']"
15,Clb Bida Phong Lưu,"142 Trần Não, P. Bình An, Quận 2, Thành phố Hồ Chí Minh, Vietnam",,,2,3.5,"['https://lh5.googleusercontent.com/p/AF1QipPBkUy8XUG1o7DWEh3jmrFyMFC6_r3g5rGyVAEj', 'https://lh3.googleusercontent.com/a-/AD_cMMQikZXOt_cbCgArXkxIA64sqPHFaSM_ZGKV4iicgP8']"
16,CLB Bida 247,"QQF8+Q22, Phường Thạnh Mỹ Lợi, Quận 2, Thành phố Hồ Chí Minh, Vietnam",,+84 98 608 94 49,,,"['https://lh5.googleusercontent.com/p/AF1QipPFYT7OvryF6yvKwhnvUZwDSsFZTf4Ksdpsxfs5', 'https://lh5.googleusercontent.com/p/AF1QipNGe80lu6EK6q97S_D242R3n7JfHWMicLXRUnCC']"
17,CLB Bida Đỗ Vương - Do Vuong Billiards Club,"178 Đ. Hoàng Diệu 2, Phường Linh Trung, Thủ Đức, Thành phố Hồ Chí Minh, Vietnam",,+84 98 373 58 78,41,4.4,"['https://lh5.googleusercontent.com/p/AF1QipNJFlbl5OklJa-4RMzbexuQVLsJmUhKc_FWyW8Y', 'https://lh5.googleusercontent.com/p/AF1QipMs2dMMLAF4-5IWI_fde6anGTlGl70KVTIyKzhH']"
18,Zakdang Billiard Club Quận 2,"24/5F Lương Định Của, An Phú, Quận 2, Thành phố Hồ Chí Minh, Vietnam",zakdang.billikorea.com,+84 399 176 012,76,4.3,"['https://lh5.googleusercontent.com/p/AF1QipMKss6QgmgYvUvbBb5bLin5AcfNL1d_e4t_doNg', 'https://lh5.googleusercontent.com/p/AF1QipNJFlbl5OklJa-4RMzbexuQVLsJmUhKc_FWyW8Y']"
19,BIDA LUXURY CLUB,"6 Đ. Nguyễn Duy Trinh, Bình Trưng Đông, Quận 2, Thành phố Hồ Chí Minh, Vietnam",,,2,5.0,"['https://lh5.googleusercontent.com/p/AF1QipOCNxazPtS0JjG5j_q5cfhaWtbvtdQW-GbI1Yf9', 'https://lh5.googleusercontent.com/p/AF1QipMKss6QgmgYvUvbBb5bLin5AcfNL1d_e4t_doNg']"
20,Mega Billiards Club,"262/7 Đ. Cách Mạng Tháng 8, Phường 10, Quận 3, Thành phố Hồ Chí Minh 27145, Vietnam",business.site,+84 28 6687 6666,13,4.7,"['https://lh5.googleusercontent.com/p/AF1QipNHv5vd2ERtWYSZroBhTnsUi76YE6E0dBleGKcx', 'https://lh5.googleusercontent.com/p/AF1QipPY-qbiAgOsTt6CCzkCMt6kX4VEGJnZFvSoPl_b']"
21,Bida Bảo Bình - Bảo Bình Billiards Club,"35 Phạm Ngọc Thạch, Phường 6, Quận 3, Thành phố Hồ Chí Minh 700000, Vietnam",bidabaobinh.blogspot.com,+84 90 234 00 29,513,4.2,"['https://lh5.googleusercontent.com/p/AF1QipPBpZRS5MvZ2eUK8-B3W_Ih75R62Czb-APDeHSr', 'https://lh5.googleusercontent.com/p/AF1QipNHv5vd2ERtWYSZroBhTnsUi76YE6E0dBleGKcx']"
22,Billiards Pub 26,"46, Nguyễn Hiền, Phường 4, Quận 3,Tp .Hồ Chí Minh, Vietnam",,+84 28 3832 7330,,,"['https://lh5.googleusercontent.com/p/AF1QipPBpZRS5MvZ2eUK8-B3W_Ih75R62Czb-APDeHSr', 'https://lh5.googleusercontent.com/p/AF1QipPY-qbiAgOsTt6CCzkCMt6kX4VEGJnZFvSoPl_b']"
23,HK Billard Club,"52 Ngô Quyền, Hiệp Phú, Quận 9, Thành phố Hồ Chí Minh, Vietnam",,+84 90 336 00 00,5,4.4,"['https://lh5.googleusercontent.com/p/AF1QipPp-cqMMYXJDVmJT0y9DGMoDwN8xI4j-uwW23AV', 'https://lh5.googleusercontent.com/p/AF1QipNuKgcmhbJo2JieEoatKA0rsq7s5J63knRDvXlu']"
24,Clb Billiards 21,"21 Rạch Bùng Binh, Phường 10, Quận 3, Thành phố Hồ Chí Minh, Vietnam",,+84 28 3921 2633,,,"['https://lh5.googleusercontent.com/p/AF1QipPp-cqMMYXJDVmJT0y9DGMoDwN8xI4j-uwW23AV', 'https://lh5.googleusercontent.com/p/AF1QipPY-qbiAgOsTt6CCzkCMt6kX4VEGJnZFvSoPl_b']"
25,Clb Billiards 261,"261 Hoàng Hữu Nam, Long Thạnh Mỹ, Quận 9, Thành phố Hồ Chí Minh, Vietnam",,+84 90 225 38 22,4,4.8,"['https://lh3.googleusercontent.com/a-/AD_cMMRRs_JiRO4JUOrjcYkOn3dAmGJd6KCCRfS9Vms2PQ', 'https://lh3.googleusercontent.com/a/AAcHTtf6zRj6TwJJg3LgNjQY2krSA1l_nJMI9dExaoHA']"
26,CLB Bida Đỗ Vương - Do Vuong Billiards Club,"178 Đ. Hoàng Diệu 2, Phường Linh Trung, Thủ Đức, Thành phố Hồ Chí Minh, Vietnam",,+84 98 373 58 78,41,4.4,"['https://lh5.googleusercontent.com/p/AF1QipNJFlbl5OklJa-4RMzbexuQVLsJmUhKc_FWyW8Y', 'https://lh5.googleusercontent.com/p/AF1QipMs2dMMLAF4-5IWI_fde6anGTlGl70KVTIyKzhH']"
27,Bida Chuyên Nghiệp,"202 Đ. Nguyễn Thiện Thuật, Phường 3, Quận 3, Thành phố Hồ Chí Minh, Vietnam",,+84 28 3832 4009,43,3.9,"['https://lh5.googleusercontent.com/p/AF1QipP2Gs2BkKMEYv_VBHDY9t9aJRVBrVfe7s3YA6x2', 'https://lh5.googleusercontent.com/p/AF1QipNJFlbl5OklJa-4RMzbexuQVLsJmUhKc_FWyW8Y']"
28,CLB BILLARDS,"143 Lý Chính Thắng, Võ Thị Sáu, Quận 3, Thành phố Hồ Chí Minh 700000, Vietnam",,,,,"['https://lh5.googleusercontent.com/p/AF1QipMJ01PFfhh1HhO5k2mHIZLYy8YicuGXProvlELm', 'https://lh5.googleusercontent.com/p/AF1QipP2Gs2BkKMEYv_VBHDY9t9aJRVBrVfe7s3YA6x2']"
29,BILLIARDS NHẪN SINH CLUB,"5 Đ. Đỗ Thị Lời, Phường 9, Quận 3, Thành phố Hồ Chí Minh, Vietnam",,+84 90 133 13 21,,,"['https://lh5.googleusercontent.com/p/AF1QipMJ01PFfhh1HhO5k2mHIZLYy8YicuGXProvlELm', 'https://lh5.googleusercontent.com/p/AF1QipPY-qbiAgOsTt6CCzkCMt6kX4VEGJnZFvSoPl_b']"
30,Billiard Club 5 Stars,"214-216, Đ. Số 48, Phường 3, Quận 4, Thành phố Hồ Chí Minh, Vietnam",,+84 28 6680 7257,206,4.1,"['https://lh5.googleusercontent.com/p/AF1QipP1RayZ51PJmLjJEp7e4KyjeDJths16P_gKl0fj', 'https://lh5.googleusercontent.com/p/AF1QipPVkzo1SOZEO6J8byBKUgOcV5nvYG2dikfl3uGp']"
31,Bida Club,"306 Tôn Đản, Phường 4, Quận 4, Thành phố Hồ Chí Minh, Vietnam",,+84 28 3940 4339,5,4.8,"['https://lh5.googleusercontent.com/p/AF1QipP1RayZ51PJmLjJEp7e4KyjeDJths16P_gKl0fj', 'https://lh3.googleusercontent.com/a-/AD_cMMTCYyrGXkRRNyyFZFFlucn8hdVUZRETcTY3XPLU']"
32,Billiards Club Kingdom,"78 Nguyễn Khoái, Phường 2, Quận 4, Thành phố Hồ Chí Minh, Vietnam",,,1,2.0,"['https://lh3.googleusercontent.com/a-/AD_cMMSfQ8uIFQ_yHyZj-ahj6ewij8akRlONnqPZdztNpg', 'https://lh5.googleusercontent.com/p/AF1QipM5mE7BJFuArKFiipLJ19_DFbFjcx5GR_lNXtMK']"
33,Câu lạc bộ Bida Kingdom,"80 Nguyễn Khoái, Phường 2, Quận 4, Thành phố Hồ Chí Minh, Vietnam",,+84 94 470 04 56,25,3.2,"['https://lh5.googleusercontent.com/p/AF1QipM5mE7BJFuArKFiipLJ19_DFbFjcx5GR_lNXtMK', 'https://lh5.googleusercontent.com/p/AF1QipOqGyBFaLK_kkRFLwST1S-jmNI-6TYiZ9ZHer3u']"
34,Clb Billiards 261,"261 Hoàng Hữu Nam, Long Thạnh Mỹ, Quận 9, Thành phố Hồ Chí Minh, Vietnam",,+84 90 225 38 22,4,4.8,"['https://lh5.googleusercontent.com/p/AF1QipM5mE7BJFuArKFiipLJ19_DFbFjcx5GR_lNXtMK', 'https://lh3.googleusercontent.com/a-/AD_cMMRRs_JiRO4JUOrjcYkOn3dAmGJd6KCCRfS9Vms2PQ']"
35,Tiệm Billards 188,"QP42+4R2, Đ. Khánh Hội, Phường 4, Quận 4, Thành phố Hồ Chí Minh, Vietnam",,+84 90 382 45 01,,,['https://lh5.googleusercontent.com/p/AF1QipOsbm9AE1G9Ke9SBUqig1IjDMGmsp0LykVtB377']
36,Clb Billiards 79,"9 Lã Xuân Oai, Tăng Nhơn Phú A, Quận 9, Thành phố Hồ Chí Minh, Vietnam",,,,,['https://lh5.googleusercontent.com/p/AF1QipPiw9MLrCmBVJkhDcMOlQgdI7IrGipZGOwk980L']
37,Billiard Phúc Long,"6e Đ. An Bình, Phường 5, Quận 5, Thành phố Hồ Chí Minh, Vietnam",facebook.com,+84 90 376 28 52,128,4.0,"['https://lh5.googleusercontent.com/p/AF1QipNTD95IizTB8Frxmy_MkXDSt1YFlxZFhZfAF7vn', 'https://lh5.googleusercontent.com/p/AF1QipO-MNolIjnb9a8QJ_CW3oG9X8UWH7IDb8IMCjWh']"
38,Clb Billiards Trần Phú,"3 Đ. Trần Phú, Phường 4, Quận 5, Thành phố Hồ Chí Minh, Vietnam",,+84 28 3835 4563,1,1.0,"['https://lh5.googleusercontent.com/p/AF1QipNTD95IizTB8Frxmy_MkXDSt1YFlxZFhZfAF7vn', 'https://lh3.googleusercontent.com/a/AAcHTtfiFcUzc7Rxe8rupD-ED6RbYPaW1Kv112x63L3i']"
39,Clb Billiards Ad,"11 Đ. An Điềm, Phường 10, Quận 5, Thành phố Hồ Chí Minh, Vietnam",,,1,4.0,"['https://lh3.googleusercontent.com/a-/AD_cMMRmEaKH9VkYH8FlUB-L0kjQspPyJ3GfSUiMSWj6cw', 'https://lh5.googleusercontent.com/p/AF1QipNTD95IizTB8Frxmy_MkXDSt1YFlxZFhZfAF7vn']"
40,Câu Lạc Bộ Billiards 336,"336 Đ. Nguyễn Chí Thanh, Phường 5, Quận 5, Thành phố Hồ Chí Minh, Vietnam",,,17,4.2,"['https://lh5.googleusercontent.com/p/AF1QipOhq2l92GsjpnETrGKlis3bRiPA213zGIVkOX7q', 'https://lh5.googleusercontent.com/p/AF1QipMmb3FLJ1yjctv-MR8lvtNyCI_mjRzf2AtJcogQ']"
41,Clb Billiards 261,"261 Hoàng Hữu Nam, Long Thạnh Mỹ, Quận 9, Thành phố Hồ Chí Minh, Vietnam",,+84 90 225 38 22,4,4.8,"['https://lh5.googleusercontent.com/p/AF1QipOhq2l92GsjpnETrGKlis3bRiPA213zGIVkOX7q', 'https://lh3.googleusercontent.com/a-/AD_cMMRRs_JiRO4JUOrjcYkOn3dAmGJd6KCCRfS9Vms2PQ']"
42,Club Billiards NHẪN & SINH,"50A2 Đ. 79, Phước Long B, Quận 9, Thành phố Hồ Chí Minh 100000, Vietnam",,+84 90 386 64 63,4,4.5,"['https://lh5.googleusercontent.com/p/AF1QipNzHyoQF9Hvf4Q6oh8p3460aZVN10GGiPsYT-tA', 'https://lh3.googleusercontent.com/a-/AD_cMMTp4JEtCI5-2FRHTUOwJAUWJeMumo-JSthF6Bu7E2Y']"
43,Clb Billiards Thiên Phúc Honey,"6 Đ. Nguyễn Biểu, Phường 1, Quận 5, Thành phố Hồ Chí Minh, Vietnam",,+84 377 039 494,,,"['https://lh5.googleusercontent.com/p/AF1QipNzHyoQF9Hvf4Q6oh8p3460aZVN10GGiPsYT-tA', 'https://www.google.com/maps/vt/data']"
44,Billiard Thành Tâm,"165 Đ. Hùng Vương, Phường 9, Quận 5, Thành phố Hồ Chí Minh, Vietnam",,+84 28 3833 0722,53,4.4,"['https://lh5.googleusercontent.com/p/AF1QipPuHY2tfsleZ3c-W_eFp1EIRQ-UZfkiJpjOO24c', 'https://lh5.googleusercontent.com/p/AF1QipMfRAwfswkkCsRVnJ084b8Bq9eephIU-40AsFTz']"
45,HK Billard Club,"52 Ngô Quyền, Hiệp Phú, Quận 9, Thành phố Hồ Chí Minh, Vietnam",,+84 90 336 00 00,5,4.4,"['https://lh5.googleusercontent.com/p/AF1QipPp-cqMMYXJDVmJT0y9DGMoDwN8xI4j-uwW23AV', 'https://lh5.googleusercontent.com/p/AF1QipPuHY2tfsleZ3c-W_eFp1EIRQ-UZfkiJpjOO24c']"
46,Billiard Club 5 Stars,"214-216, Đ. Số 48, Phường 3, Quận 4, Thành phố Hồ Chí Minh, Vietnam",,+84 28 6680 7257,206,4.1,"['https://lh5.googleusercontent.com/p/AF1QipP1RayZ51PJmLjJEp7e4KyjeDJths16P_gKl0fj', 'https://lh5.googleusercontent.com/p/AF1QipPp-cqMMYXJDVmJT0y9DGMoDwN8xI4j-uwW23AV']"
47,INDAHOOD Billiards Club Quận 6,"710/8 Đ. Hậu Giang, Phường 12, Quận 6, Thành phố Hồ Chí Minh, Vietnam",,+84 865 864 447,18,4.0,"['https://lh5.googleusercontent.com/p/AF1QipNJZ5v374bf-73XTgFWY4C7Xf22OJnXtoWyqCau', 'https://lh5.googleusercontent.com/p/AF1QipPLcIp3kKuRAExY66g5vs6nUbBgzLQDWoB21KMc']"
48,Billiards Club Phương Vy,"87/5 Đ. Hoàng Diệu 2, Phường Linh Trung, Thủ Đức, Thành phố Hồ Chí Minh, Vietnam",,,19,4.0,"['https://lh5.googleusercontent.com/p/AF1QipP3bCGEP967QeFyt9EUOfI_Tqbo5o0Dv2qUw6hX', 'https://lh5.googleusercontent.com/p/AF1QipNJZ5v374bf-73XTgFWY4C7Xf22OJnXtoWyqCau']"
49,Pro Billiard Club Q6,"98 Đường số 26, Phường 10, Quận 6, Thành phố Hồ Chí Minh, Vietnam",,,14,4.3,"['https://lh5.googleusercontent.com/p/AF1QipNRc_M63PxaCoNe1K-QfdfojGEMgx0LN2Ay482v', 'https://lh5.googleusercontent.com/p/AF1QipP3bCGEP967QeFyt9EUOfI_Tqbo5o0Dv2qUw6hX']"
50,Clb Bida Long Hi,"644 Đ. An D. Vương, Phường 11, Quận 6, Thành phố Hồ Chí Minh, Vietnam",,,14,4.9,"['https://lh5.googleusercontent.com/p/AF1QipP_eiG7scdx8rgfuqjw_hFUy2z4-N44FUigEUul', 'https://lh5.googleusercontent.com/p/AF1QipNRc_M63PxaCoNe1K-QfdfojGEMgx0LN2Ay482v']"
51,REMAX BILLIARDS CLUB,"116 Đ. Bãi Sậy, Phường 1, Quận 6, Thành phố Hồ Chí Minh, Vietnam",,+84 94 336 36 36,,,"['https://lh5.googleusercontent.com/p/AF1QipP_eiG7scdx8rgfuqjw_hFUy2z4-N44FUigEUul', 'https://lh5.googleusercontent.com/p/AF1QipNJlq1q-IJmbfgucgQEwYS7Vn-jfwpNhUC6S0td']"
52,Clb Bida Điểm Hẹn,"336 Đ. Nguyễn Văn Luông, Phường 12, Quận 6, Thành phố Hồ Chí Minh 700000, Vietnam",,,,,"['https://lh5.googleusercontent.com/p/AF1QipP_eiG7scdx8rgfuqjw_hFUy2z4-N44FUigEUul', 'https://lh5.googleusercontent.com/p/AF1QipO_J7JYKCWoLoJ4JiXKicXZia7ewtVg67qHBvKC']"
53,Billiard A7 Club,"38 Đ. số 17, Phường Linh Trung, Thủ Đức, Thành phố Hồ Chí Minh, Vietnam",,,,,['https://lh5.googleusercontent.com/p/AF1QipNzHyoQF9Hvf4Q6oh8p3460aZVN10GGiPsYT-tA']
54,Clb Billiards Thanh Hải,"373 Đặng Nguyên Cẩn, Phường 13, Quận 6, Thành phố Hồ Chí Minh, Vietnam",,,,,"['https://lh5.googleusercontent.com/p/AF1QipP_eiG7scdx8rgfuqjw_hFUy2z4-N44FUigEUul', 'https://lh5.googleusercontent.com/p/AF1QipNCF3-pstBf7kwZCfEfkvlf-UcSTb5Cqq-NwTmO']"
55,Billiards 365 - CLB Bida 365 số 65A cây Keo Thủ Đức,"65A Đường Cây Keo, Khu Phố 1, Thủ Đức, Thành phố Hồ Chí Minh, Vietnam",facebook.com,+84 93 505 59 38,9,4.8,"['https://lh5.googleusercontent.com/p/AF1QipO6Mu6Goo7zuIP-2lIQ75ohqBFpHkGflDq7ZYa5', 'https://lh5.googleusercontent.com/p/AF1QipOzML70pWXVnUQGYr-LDLRWScXfyWWaraY90Qtw']"
56,Clb Bida Đỉnh Cao,"135 Đ. Trần Văn Kiểu, Phường 11, Quận 6, Thành phố Hồ Chí Minh, Vietnam",,+84 28 3900 4549,28,4.1,"['https://lh5.googleusercontent.com/p/AF1QipPXTstsJDzt6ssWQh523RNfMyC7cT5PHu4-eLy8', 'https://lh5.googleusercontent.com/p/AF1QipO6Mu6Goo7zuIP-2lIQ75ohqBFpHkGflDq7ZYa5']"
57,Paradise Billiard Club- Pool- Carom- Snooker,"26E Đường số 53, Tân Phong, Quận 7, Thành phố Hồ Chí Minh, Vietnam",,+84 389 638 666,39,4.2,"['https://lh5.googleusercontent.com/p/AF1QipOGP674IiOny_j6ts7lC6ALGHD7MMWu4jJEO2Q', 'https://lh5.googleusercontent.com/p/AF1QipMJNJP0zhqNO_v_MgYtv3v0Lh94XxS1QVAyRkc']"
58,Clb Billiards 84,"84 Nguyễn Thị Thập, Bình Thuận, Quận 7, Thành phố Hồ Chí Minh, Vietnam",,,1,3.0,"['https://lh5.googleusercontent.com/p/AF1QipOGP674IiOny_j6ts7lC6ALGHD7MMWu4jJEO2Q', 'https://lh3.googleusercontent.com/a-/AD_cMMQ9TrXcfm9-iH0Hk8jnZkVP31kZKBb9ETI7cpy-eg']"
59,Câu Lạc Bộ Bida Sao 4,"477 Nguyễn Thị Thập, Tân Phong, Quận 7, Thành phố Hồ Chí Minh, Vietnam",,+84 28 3535 4878,60,4.0,"['https://lh5.googleusercontent.com/p/AF1QipPWCV5pNXyeNfjtnDGWln23DPmmGOHYRCaVmx1s', 'https://lh5.googleusercontent.com/p/AF1QipNWm8QSkicnxuPDh3rNK3HZmhLY3FhvGY4bRsCl']"
60,CLB Bida The Bulldogs,"187A Trần Xuân Soạn, Tân Thuận Tây, Quận 7, Thành phố Hồ Chí Minh 700000, Vietnam",thebulldogsclub.com,+84 28 7300 5676,15,4.4,"['https://lh5.googleusercontent.com/p/AF1QipPRynpt9G2-DfmhkVQt28S5DE0dLl_KuzCV65Le', 'https://lh5.googleusercontent.com/p/AF1QipPWCV5pNXyeNfjtnDGWln23DPmmGOHYRCaVmx1s']"
61,Câu Lạc Bộ Bida,"6 Trần Trọng Cung, Tân Thuận Đông, 7, Thành phố Hồ Chí Minh, Vietnam",,+84 28 2213 1495,18,3.8,"['https://lh5.googleusercontent.com/p/AF1QipMaiexwiZtXJszpus7wh6k-HthbPC1RgHCE9dO5', 'https://lh5.googleusercontent.com/p/AF1QipPRynpt9G2-DfmhkVQt28S5DE0dLl_KuzCV65Le']"
62,Club BiDa Pi Long,"12 Mai Văn Vĩnh, Tân Quy, Quận 7, Thành phố Hồ Chí Minh, Vietnam",,+84 888 884 445,14,4.2,"['https://lh5.googleusercontent.com/p/AF1QipNc_t3cJtogwhEa1z_6hpufwq3oJnDHb3nl8NPY', 'https://lh5.googleusercontent.com/p/AF1QipMaiexwiZtXJszpus7wh6k-HthbPC1RgHCE9dO5']"
63,Billiard A7 Club,"38 Đ. số 17, Phường Linh Trung, Thủ Đức, Thành phố Hồ Chí Minh, Vietnam",,,,,"['https://lh5.googleusercontent.com/p/AF1QipNc_t3cJtogwhEa1z_6hpufwq3oJnDHb3nl8NPY', 'https://lh5.googleusercontent.com/p/AF1QipNzHyoQF9Hvf4Q6oh8p3460aZVN10GGiPsYT-tA']"
64,CLB BIDA - DIAMOND BALL 67,"67 Mai Văn Vĩnh, Tân Quy, Quận 7, Thành phố Hồ Chí Minh, Vietnam",facebook.com,+84 325 415 927,12,4.6,"['https://lh5.googleusercontent.com/p/AF1QipM59x4Qvys17A1l-JntcsDqmwGA2rwgouGKnI0O', 'https://lh5.googleusercontent.com/p/AF1QipPuL8amw2TEEAICvuQzzboMON0RKQXdcJlEfcB3']"
65,Clb Bida Thanh Hồng,"93 Gò Ô Môi, Phú Thuận, Quận 7, Thành phố Hồ Chí Minh, Vietnam",,,2,4.0,"['https://lh5.googleusercontent.com/p/AF1QipM3BQG73WvVGk8FmV45b-WihJz8_tybO5j1StVO', 'https://lh5.googleusercontent.com/p/AF1QipM59x4Qvys17A1l-JntcsDqmwGA2rwgouGKnI0O']"
66,Empty Arena Billiards Q7 - Pro Pool Room,"771 Trần Xuân Soạn, Tân Hưng, Quận 7, Thành phố Hồ Chí Minh 72912, Vietnam",facebook.com,+84 97 454 67 71,15,4.9,"['https://lh5.googleusercontent.com/p/AF1QipMitqdchxYtsodpfr3rTbM90ytCOjY3NcYPlF7j', 'https://lh5.googleusercontent.com/p/AF1QipM3BQG73WvVGk8FmV45b-WihJz8_tybO5j1StVO']"
67,Thanh Danh Billiards Club,"488 Phạm Thế Hiển, Phường 4, Quận 8, Thành phố Hồ Chí Minh, Vietnam",,+84 28 3850 5554,1,5.0,"['https://lh5.googleusercontent.com/p/AF1QipMWY2VRM40ZBFLgNhkfY-bftA7UO8WBgeQoEMZz', 'https://lh5.googleusercontent.com/p/AF1QipPYe25hHWBKk1wI3GB1r4vEgJr7USLKU9YBbsQf']"
68,CLB BILLIARDS PHÁT THỊNH,"70 Đ. Phạm Nhữ Tăng, Phường 4, Quận 8, Thành phố Hồ Chí Minh, Vietnam",,,,,"['https://lh5.googleusercontent.com/p/AF1QipMWY2VRM40ZBFLgNhkfY-bftA7UO8WBgeQoEMZz', 'https://lh5.googleusercontent.com/p/AF1QipPYe25hHWBKk1wI3GB1r4vEgJr7USLKU9YBbsQf']"
69,bidasao3,"290 D. Bá Trạc, Phường 1, Quận 8, Thành phố Hồ Chí Minh, Vietnam",,+84 90 946 69 77,2,4.0,"['https://lh5.googleusercontent.com/p/AF1QipMWY2VRM40ZBFLgNhkfY-bftA7UO8WBgeQoEMZz', 'https://lh5.googleusercontent.com/p/AF1QipPYe25hHWBKk1wI3GB1r4vEgJr7USLKU9YBbsQf']"
70,N9 Billiards,"411 Đ. Tạ Quang Bửu, Phường 2, Quận 8, Thành phố Hồ Chí Minh, Vietnam",,+84 97 689 88 88,3,3.7,"['https://lh5.googleusercontent.com/p/AF1QipPYe25hHWBKk1wI3GB1r4vEgJr7USLKU9YBbsQf', 'https://lh5.googleusercontent.com/p/AF1QipMWY2VRM40ZBFLgNhkfY-bftA7UO8WBgeQoEMZz']"
71,River Billiards,"Mặt tiền 189, 189-191 Bến Bình Đông Phường 11 Quận 8 189, 191 Bến Bình Đông, Phường 11, Quận 8, Thành phố Hồ Chí Minh 70000, Vietnam",,+84 91 496 24 88,72,5.0,"['https://lh5.googleusercontent.com/p/AF1QipNqIfdS7wv_Fzrsxcg2XCMq0IvXsHaDUXPav38N', 'https://lh5.googleusercontent.com/p/AF1QipPYe25hHWBKk1wI3GB1r4vEgJr7USLKU9YBbsQf']"
72,Clb Billiards 261,"261 Hoàng Hữu Nam, Long Thạnh Mỹ, Quận 9, Thành phố Hồ Chí Minh, Vietnam",,+84 90 225 38 22,4,4.8,"['https://lh5.googleusercontent.com/p/AF1QipNqIfdS7wv_Fzrsxcg2XCMq0IvXsHaDUXPav38N', 'https://lh5.googleusercontent.com/p/AF1QipMWY2VRM40ZBFLgNhkfY-bftA7UO8WBgeQoEMZz']"
73,Clb Bida 262,"262 Đường Hoàng Ngân, Phường 16, Quận 8, Thành phố Hồ Chí Minh, Vietnam",,+84 28 3701 0151,4,4.3,"['https://lh5.googleusercontent.com/p/AF1QipMWY2VRM40ZBFLgNhkfY-bftA7UO8WBgeQoEMZz', 'https://lh5.googleusercontent.com/p/AF1QipPYe25hHWBKk1wI3GB1r4vEgJr7USLKU9YBbsQf']"
74,Bida B-King,"PMPF+G8G, Bình Hưng, Quận 8, Thành phố Hồ Chí Minh, Vietnam",cambodiabiketours.com,,28,4.3,"['https://lh5.googleusercontent.com/p/AF1QipMjEeOrySL2JiU-zpQ5l8K9h5Y65fFTWscaxDLd', 'https://lh5.googleusercontent.com/p/AF1QipMWY2VRM40ZBFLgNhkfY-bftA7UO8WBgeQoEMZz']"
75,Billiard & Cafe Club,"48 Trương Đình Hội, Phường 16, Quận 8, Thành phố Hồ Chí Minh, Vietnam",,+84 97 292 71 44,,,"['https://lh5.googleusercontent.com/p/AF1QipMxC-kzFSaso3Ib7TloPPmGvWw6HsUWm6X8Wwyi', 'https://lh5.googleusercontent.com/p/AF1QipMjEeOrySL2JiU-zpQ5l8K9h5Y65fFTWscaxDLd']"
76,Billiard A7 Club,"38 Đ. số 17, Phường Linh Trung, Thủ Đức, Thành phố Hồ Chí Minh, Vietnam",,,,,"['https://lh5.googleusercontent.com/p/AF1QipMxC-kzFSaso3Ib7TloPPmGvWw6HsUWm6X8Wwyi', 'https://lh5.googleusercontent.com/p/AF1QipMWY2VRM40ZBFLgNhkfY-bftA7UO8WBgeQoEMZz']"
77,Clb Billiards 261,"261 Hoàng Hữu Nam, Long Thạnh Mỹ, Quận 9, Thành phố Hồ Chí Minh, Vietnam",,+84 90 225 38 22,4,4.8,"['https://lh3.googleusercontent.com/a-/AD_cMMRRs_JiRO4JUOrjcYkOn3dAmGJd6KCCRfS9Vms2PQ', 'https://lh3.googleusercontent.com/a/AAcHTtf6zRj6TwJJg3LgNjQY2krSA1l_nJMI9dExaoHA']"
78,Club Billiards NHẪN & SINH,"50A2 Đ. 79, Phước Long B, Quận 9, Thành phố Hồ Chí Minh 100000, Vietnam",,+84 90 386 64 63,4,4.5,"['https://lh5.googleusercontent.com/p/AF1QipNzHyoQF9Hvf4Q6oh8p3460aZVN10GGiPsYT-tA', 'https://lh3.googleusercontent.com/a-/AD_cMMTp4JEtCI5-2FRHTUOwJAUWJeMumo-JSthF6Bu7E2Y']"
79,HK Billard Club,"52 Ngô Quyền, Hiệp Phú, Quận 9, Thành phố Hồ Chí Minh, Vietnam",,+84 90 336 00 00,5,4.4,"['https://lh5.googleusercontent.com/p/AF1QipPp-cqMMYXJDVmJT0y9DGMoDwN8xI4j-uwW23AV', 'https://lh5.googleusercontent.com/p/AF1QipNzHyoQF9Hvf4Q6oh8p3460aZVN10GGiPsYT-tA']"
80,Clb Bida Zakdang - Quận 9,"966c Đ. Nguyễn Duy Trinh, Phường Phú Hữu, Quận 9, Thành phố Hồ Chí Minh, Vietnam",,+84 853 339 841,20,4.9,"['https://lh5.googleusercontent.com/p/AF1QipM7FTdoyiAY3Qz2xjCOru8WQHUYcdv0u-nJEF6a', 'https://lh5.googleusercontent.com/p/AF1QipPp-cqMMYXJDVmJT0y9DGMoDwN8xI4j-uwW23AV']"
81,Bida Anh 6,"160b Đ. Man Thiện, Phường Tân Phú, Quận 9, Thành phố Hồ Chí Minh, Vietnam",,+84 91 962 47 78,9,4.9,"['https://lh5.googleusercontent.com/p/AF1QipObTCzbp_dK-L4hTMy3v2uqH4vX-NxzyjXowNHe', 'https://lh5.googleusercontent.com/p/AF1QipM7FTdoyiAY3Qz2xjCOru8WQHUYcdv0u-nJEF6a']"
82,Câu lạc bộ Billiards Anh 6 Vip,"163 Đ. Man Thiện, Phường Tân Phú, Quận 9, Thành phố Hồ Chí Minh, Vietnam",,+84 91 962 47 78,3,3.3,"['https://lh5.googleusercontent.com/p/AF1QipMxJLP52X_3VpVTUJ6Q06A5HHvCmpZcVwwsifpT', 'https://lh5.googleusercontent.com/p/AF1QipObTCzbp_dK-L4hTMy3v2uqH4vX-NxzyjXowNHe']"
83,Clb Billiards Đông Nam Á,"36 Lã Xuân Oai, Tăng Nhơn Phú A, Quận 9, Thành phố Hồ Chí Minh, Vietnam",,,,,['https://lh5.googleusercontent.com/p/AF1QipMxJLP52X_3VpVTUJ6Q06A5HHvCmpZcVwwsifpT']
84,Clb Bida Ái Vy,"129 Đ. Man Thiện, Phường Tân Phú, Quận 9, Thành phố Hồ Chí Minh, Vietnam",,+84 28 3896 5222,1,5.0,"['https://lh3.googleusercontent.com/a/AAcHTtfcV3zW_ab798b7KqCUbLUz0wGkS_gTpHjwFE5t', 'https://lh5.googleusercontent.com/p/AF1QipOD8NjlAA8YPKL5LJ2obwctyIqE_TzzXMqgbJaf']"
85,Clb Billiards Thiên Tứ,"105 Đường Tăng Nhơn Phú, Phước Long B, Quận 9, Thành phố Hồ Chí Minh, Vietnam",,+84 28 2214 1103,,,"['https://lh5.googleusercontent.com/p/AF1QipNvI6UzZhMlscIIiAYBEvhM9S3plsrpiNtHXa0R', 'https://lh5.googleusercontent.com/p/AF1QipNzHyoQF9Hvf4Q6oh8p3460aZVN10GGiPsYT-tA']"
86,CLB Billiards X4,"D3 Đường số 13, Long Thạnh Mỹ, Quận 9, Thành phố Hồ Chí Minh, Vietnam",,,1,5.0,"['https://lh3.googleusercontent.com/a-/AD_cMMTjYV5J33caHHCeXgsSlMQd_sgiKeUjGPdm3VFGaXA', 'https://lh5.googleusercontent.com/p/AF1QipPiw9MLrCmBVJkhDcMOlQgdI7IrGipZGOwk980L']"
87,Clb Bida Thành Thái,"QMH6+9FR, Đ. Thành Thái, Phường 14, Quận 10, Thành phố Hồ Chí Minh, Vietnam",,,108,3.9,"['https://lh5.googleusercontent.com/p/AF1QipP5EyR-TlJ_GmJlEmZcGSW3Kyl0KxppeCahpJP8', 'https://lh5.googleusercontent.com/p/AF1QipNMeOMQPFMGtLuJTCJ0gVFZSFurlqu91X5o83hI']"
88,Clb Bida Q1,"175 Đ. Cao Thắng, Phường 12, Quận 10, Thành phố Hồ Chí Minh, Vietnam",,+84 28 6276 2298,65,3.8,"['https://lh5.googleusercontent.com/p/AF1QipNMeOMQPFMGtLuJTCJ0gVFZSFurlqu91X5o83hI', 'https://lh5.googleusercontent.com/p/AF1QipP5EyR-TlJ_GmJlEmZcGSW3Kyl0KxppeCahpJP8']"
89,Billiards Club 165,"165 Nguyễn Duy Dương, Phường 3, Quận 10, Thành phố Hồ Chí Minh, Vietnam",,,1,3.0,"['https://lh5.googleusercontent.com/p/AF1QipNMeOMQPFMGtLuJTCJ0gVFZSFurlqu91X5o83hI', 'https://lh5.googleusercontent.com/p/AF1QipP5EyR-TlJ_GmJlEmZcGSW3Kyl0KxppeCahpJP8']"
90,CLB Bida Lỗ World Of Pool Quận 10,"18 Nguyễn Lâm, Phường 6, Quận 10, Thành phố Hồ Chí Minh 72515, Vietnam",facebook.com,+84 707 977 779,39,5.0,"['https://lh5.googleusercontent.com/p/AF1QipOfD732xS67t9MrJF9bYwbAFme_WFD7n334eTrK', 'https://lh5.googleusercontent.com/p/AF1QipP5EyR-TlJ_GmJlEmZcGSW3Kyl0KxppeCahpJP8']"
91,Billiards Club 111,"111A Hoà Hưng, Phường 12, Quận 10, Thành phố Hồ Chí Minh, Vietnam",,+84 93 878 98 76,2,4.5,"['https://lh5.googleusercontent.com/p/AF1QipNvriNf9qfFd6EsfwWsNMhbaH5y_l-bh9ZcMRM', 'https://lh5.googleusercontent.com/p/AF1QipOfD732xS67t9MrJF9bYwbAFme_WFD7n334eTrK']"
92,Billiards Club Vtc,"225 Đ. Lý Thái Tổ, Phường 9, Quận 10, Thành phố Hồ Chí Minh, Vietnam",,,4,4.0,"['https://lh5.googleusercontent.com/p/AF1QipOi7gDtH7Fbn0aCcoBZIcjPFdpt0wBaYx2VmerV', 'https://lh5.googleusercontent.com/p/AF1QipNvriNf9qfFd6EsfwWsNMhbaH5y_l-bh9ZcMRM']"
93,Billiards Rome,"QMJ6+GF4, Đồng Nai, Cư xá Bắc Hải, Quận 10, Thành phố Hồ Chí Minh, Vietnam",,,8,4.1,"['https://lh5.googleusercontent.com/p/AF1QipOqP2RCWmlXN6FkXyoXXfbfd9n6FKw9zsyr1iQN', 'https://lh5.googleusercontent.com/p/AF1QipOi7gDtH7Fbn0aCcoBZIcjPFdpt0wBaYx2VmerV']"
94,Billiards Club Fantasy,"QMJ7+PJW, Trường Sơn, Quận 10, Thành phố Hồ Chí Minh, Vietnam",,,,,"['https://lh5.googleusercontent.com/p/AF1QipOqP2RCWmlXN6FkXyoXXfbfd9n6FKw9zsyr1iQN', 'https://lh5.googleusercontent.com/p/AF1QipP5EyR-TlJ_GmJlEmZcGSW3Kyl0KxppeCahpJP8']"
95,Bida NiceShot,"111A Hoà Hưng, Phường 12, Quận 10, Thành phố Hồ Chí Minh, Vietnam",,+84 93 336 91 11,13,3.5,"['https://lh5.googleusercontent.com/p/AF1QipOEbZk82Nfpl8oP7fKVUJ9niHpIjIsTGjvx01X4', 'https://lh5.googleusercontent.com/p/AF1QipP5EyR-TlJ_GmJlEmZcGSW3Kyl0KxppeCahpJP8']"
96,Bida Sao - Thành Thái,"22-24 Đ. Thành Thái, Phường 12, Quận 10, Thành phố Hồ Chí Minh, Vietnam",,+84 28 2213 1562,110,4.3,"['https://lh5.googleusercontent.com/p/AF1QipMLY-fRSmOoksLaSY3w9poUu2t3s_InqmGs4lP7', 'https://lh5.googleusercontent.com/p/AF1QipOEbZk82Nfpl8oP7fKVUJ9niHpIjIsTGjvx01X4']"
97,Clb Bida 897,"897 Đ. 3 Tháng 2, Phường 7, Quận 11, Thành phố Hồ Chí Minh, Vietnam",,,,,"['https://lh5.googleusercontent.com/p/AF1QipNMeOMQPFMGtLuJTCJ0gVFZSFurlqu91X5o83hI', 'https://lh5.googleusercontent.com/p/AF1QipO9dfdTrDXwo60A7wr_AAz4MLrZZyy3p93BcHRm']"
98,Câu Lạc Bộ Billiards 65,"65 Phó Cơ Điều, Phường 4, Quận 11, Thành phố Hồ Chí Minh, Vietnam",,+84 28 3912 6961,,,['https://lh5.googleusercontent.com/p/AF1QipMmb3FLJ1yjctv-MR8lvtNyCI_mjRzf2AtJcogQ']
99,Clb Bida Anh Em,"79 Âu Cơ, Phường 14, Quận 11, Thành phố Hồ Chí Minh, Vietnam",,,3,3.7,"['https://lh5.googleusercontent.com/p/AF1QipO9dfdTrDXwo60A7wr_AAz4MLrZZyy3p93BcHRm', 'https://lh5.googleusercontent.com/p/AF1QipP_4WunYwfKghqSDOw-fIt-PRTG4sZLhAlmarGc']"
100,CLB Billiards A&K,"351 Lạc Long Quân, Phường 5, Quận 11, Thành phố Hồ Chí Minh, Vietnam",,+84 28 6264 0388,1,1.0,"['https://lh5.googleusercontent.com/p/AF1QipO9dfdTrDXwo60A7wr_AAz4MLrZZyy3p93BcHRm', 'https://lh3.googleusercontent.com/a-/AD_cMMReKeaUhEkAF50FkainwnNCtkckH_josHMuCr92Yw']"
101,Câu Lạc Bộ Bida Sĩ Quang 1,"94 Lò Siêu, Phường 12, Quận 11, Thành phố Hồ Chí Minh, Vietnam",,+84 28 3858 2264,6,4.2,"['https://lh3.googleusercontent.com/a/AAcHTtfiAIZHodOo7Y3kKceJGUqh6Y6xx7kSQzUcsfag', 'https://lh3.googleusercontent.com/a-/AD_cMMQYdHW6OZnSGUGo3oRvvJQsR0X_o_ZUwLQqcSl34w']"
102,Billiards Cool,"74 Phó Cơ Điều, Phường 4, Quận 11, Thành phố Hồ Chí Minh, Vietnam",,,,,[]
103,WINGS BILLIARDS CLUB,"792 Đ. Hồng Bàng, Phường 1, Quận 11, Thành phố Hồ Chí Minh 80000, Vietnam",,+84 567 228 866,13,5.0,"['https://lh5.googleusercontent.com/p/AF1QipOdvQp6eWz5k_kkTAKmtPUiviilWKyuGFp7tWbH', 'https://lh5.googleusercontent.com/p/AF1QipMpzvuafCr4CrV5kFdD905_nmTfTy8Sjbwhqrmx']"
104,Câu Lạc Bộ Bida 341,"341 Nguyễn Thị Nhỏ, Phường 16, Quận 11, Thành phố Hồ Chí Minh, Vietnam",,,,,"['https://lh5.googleusercontent.com/p/AF1QipOdvQp6eWz5k_kkTAKmtPUiviilWKyuGFp7tWbH', 'https://lh5.googleusercontent.com/p/AF1QipO9dfdTrDXwo60A7wr_AAz4MLrZZyy3p93BcHRm']"
105,Vip Club - Billiard - Coffee,"344 Lãnh Binh Thăng, Phường 8, Quận 11, Thành phố Hồ Chí Minh, Vietnam",,+84 28 3608 3368,1,5.0,['https://lh3.googleusercontent.com/a-/AD_cMMQ4ay3IAvlqp4OVu0wL3oG-yomBtn-tTqMNbxoEDw']
106,Billiards Cao Chung,"6a Tân Hóa, Phường 1, Quận 11, Thành phố Hồ Chí Minh, Vietnam",,+84 98 855 23 54,6,5.0,"['https://lh5.googleusercontent.com/p/AF1QipO8cNd0fLWkoIYl1ttdOVQElJWObJmTiKAJoN2Q', 'https://lh5.googleusercontent.com/p/AF1QipO1NF9rAL9SBWHcuqDmKe9FzCsCD994gZX_p0KP']"
107,Clb Billiards Quang Minh,"43 Vườn Lài, An Phú Đông, Quận 12, Thành phố Hồ Chí Minh, Vietnam",,+84 777 771 990,1,5.0,"['https://lh3.googleusercontent.com/a-/AD_cMMRLaWuQilD6T3UDXouPpnQXJ2X1AwH7xAaTnYT0Cg', 'https://www.google.com/maps/vt/data']"
108,Billiards Doremon,"395 HL80B, Hiệp Thành, Quận 12, Thành phố Hồ Chí Minh, Vietnam",,+84 93 385 40 43,9,4.2,"['https://lh5.googleusercontent.com/p/AF1QipPusYh-kTa97oPzvT_FWs5gkW2syJaokH-vz4Z3', 'https://lh5.googleusercontent.com/p/AF1QipMJ4s5atCFFA9oU8US8zvLca3Wz_z2_Me4e9aNd']"
109,NK Billiards Club (Bida),"44 Đ.Trương Thị Hoa, Tân Thới Hiệp, Quận 12, Thành phố Hồ Chí Minh, Vietnam",,,,,"['https://lh5.googleusercontent.com/p/AF1QipPusYh-kTa97oPzvT_FWs5gkW2syJaokH-vz4Z3', 'https://lh5.googleusercontent.com/p/AF1QipP99ZgncEWKjWYLH_of6Lx43zzo_h3kZBedcouk']"
110,Billiards & Cafe AV,"357 Lê Văn Khương, Thới An, Quận 12, Thành phố Hồ Chí Minh 760000, Vietnam",,+84 90 506 16 52,,,"['https://lh5.googleusercontent.com/p/AF1QipNdBZW1lgXetd83jlnRSDgZntzfjYAmyZN6YLs-', 'https://lh5.googleusercontent.com/p/AF1QipO7mjGVg4ptHQrDuXb9u4S-3X91F0MacUjQjbOa']"
111,Bida M88,"117/89M Tổ 1 KP1, Trung Mỹ Tây, Quận 12, Thành phố Hồ Chí Minh, Vietnam",,+84 98 537 06 00,12,4.8,"['https://lh5.googleusercontent.com/p/AF1QipNcer1-PAeG_KJNgmNWKk4YZsqig47JXAzzTaPQ', 'https://lh5.googleusercontent.com/p/AF1QipNdBZW1lgXetd83jlnRSDgZntzfjYAmyZN6YLs-']"
112,Clb bida phương duy,"56 Hà Huy Giáp, Thạnh Lộc, Quận 12, Thành phố Hồ Chí Minh, Vietnam",,+84 96 868 12 14,8,4.3,"['https://lh5.googleusercontent.com/p/AF1QipPgzp_kcRW7z8wod2mDaZbWsDKv-VwXS2t45WJr', 'https://lh5.googleusercontent.com/p/AF1QipNcer1-PAeG_KJNgmNWKk4YZsqig47JXAzzTaPQ']"
113,Bida Premium club quận 12,"322 Nguyễn Thị Kiểu, Hiệp Thành, Quận 12, Thành phố Hồ Chí Minh, Vietnam",facebook.com,+84 93 882 39 39,4,4.5,"['https://lh5.googleusercontent.com/p/AF1QipP99ZgncEWKjWYLH_of6Lx43zzo_h3kZBedcouk', 'https://lh5.googleusercontent.com/p/AF1QipPgzp_kcRW7z8wod2mDaZbWsDKv-VwXS2t45WJr']"
114,CLB Bida 811,"42G D. Thị Mười, Hiệp Thành, Quận 12, Thành phố Hồ Chí Minh, Vietnam",,+84 97 237 95 91,19,4.5,"['https://lh5.googleusercontent.com/p/AF1QipMqES4yD18yeYmenFbjcanK0z11ptuq1vh-aJL0', 'https://lh5.googleusercontent.com/p/AF1QipP99ZgncEWKjWYLH_of6Lx43zzo_h3kZBedcouk']"
115,ĐG BILLIARDS CLUB,"45 Đ. Nguyễn Ảnh Thủ, Tân Chánh Hiệp, Quận 12, Thành phố Hồ Chí Minh, Vietnam",,+84 98 391 19 17,,,"['https://lh5.googleusercontent.com/p/AF1QipMqES4yD18yeYmenFbjcanK0z11ptuq1vh-aJL0', 'https://lh5.googleusercontent.com/p/AF1QipMvj73iNlN8_RgnG58VtwwhRyOI2FbWykkDNesG']"
116,M&T BILLIARDS,"19 Đ. An Phú Đông 09, An Phú Đông, Quận 12, Thành phố Hồ Chí Minh, Vietnam",,+84 93 434 38 37,23,5.0,"['https://lh5.googleusercontent.com/p/AF1QipNjTCTDzV-Gx1fR8Mo1sjzJ9ISY8OWgBR9SdajB', 'https://lh5.googleusercontent.com/p/AF1QipOA80zL0E5myK0y_V8jAmZLI8MauGY-1BMXi_8D']"
117,Billiards Hoàng Đế,"202 Nguyễn Gia Trí, Phường 25, Bình Thạnh, Thành phố Hồ Chí Minh, Vietnam",,,47,3.7,"['https://lh5.googleusercontent.com/p/AF1QipPoou7rhrpi9NsKosCEPe9MCacYnaruGf1QiTj4', 'https://lh5.googleusercontent.com/p/AF1QipO3fTIlEXuovCEBKvEdJAm-3gWbL3aConnZS2Xr']"
118,Billiards Mr Bean,"425 Xô Viết Nghệ Tĩnh, Phường 26, Bình Thạnh, Thành phố Hồ Chí Minh, Vietnam",,+84 93 262 46 24,32,4.3,"['https://lh5.googleusercontent.com/p/AF1QipNzClyETYO6d01x5bMnjDA68UuQ7ef42oZ2t1lf', 'https://lh5.googleusercontent.com/p/AF1QipPoou7rhrpi9NsKosCEPe9MCacYnaruGf1QiTj4']"
119,TOP Billiards Club,"4A Đ. Phan Văn Trị, Phường 14, Bình Thạnh, Thành phố Hồ Chí Minh 700000, Vietnam",bidatop.com,+84 834 707 777,171,4.3,"['https://lh5.googleusercontent.com/p/AF1QipMugg43IjlH6X-IhHx4T3Bnty2ZeEDAvG_yOCXT', 'https://lh5.googleusercontent.com/p/AF1QipNzClyETYO6d01x5bMnjDA68UuQ7ef42oZ2t1lf']"
120,Clb Billiards Hoàng Đế,"202 Đ. D2, Phường 25, Bình Thạnh, Thành phố Hồ Chí Minh, Vietnam",,,1,4.0,"['https://lh5.googleusercontent.com/p/AF1QipNXoB4n_4RxA9ahFYWgKMWtbN18qK7PwPrGS5tW', 'https://lh5.googleusercontent.com/p/AF1QipMugg43IjlH6X-IhHx4T3Bnty2ZeEDAvG_yOCXT']"
121,Billiards Paradise,"344-346 Điện Biên Phủ, P.17, Bình Thạnh, Thành phố Hồ Chí Minh, Vietnam",business.site,+84 708 838 812,115,4.0,"['https://lh5.googleusercontent.com/p/AF1QipN3qrEUIQHxJJwwdgnIB_9SA0nEFoc9CH5jkkJX', 'https://lh5.googleusercontent.com/p/AF1QipNXoB4n_4RxA9ahFYWgKMWtbN18qK7PwPrGS5tW']"
122,Bida Anh Em,"145 Nguyễn Xí, Phường 26, Bình Thạnh, Thành phố Hồ Chí Minh, Vietnam",,,49,4.1,"['https://lh5.googleusercontent.com/p/AF1QipPcZcMj3uOONzYmtU38MYBEwAXpEc8n3hB_XbOh', 'https://lh5.googleusercontent.com/p/AF1QipN3qrEUIQHxJJwwdgnIB_9SA0nEFoc9CH5jkkJX']"
123,Câu Lạc Bộ Bida Fd,"149 Bình Quới, Phường 27, Bình Thạnh, Thành phố Hồ Chí Minh, Vietnam",,,1,5.0,"['https://lh5.googleusercontent.com/p/AF1QipPcZcMj3uOONzYmtU38MYBEwAXpEc8n3hB_XbOh', 'https://lh3.googleusercontent.com/a-/AD_cMMQgq8-GUOjwYVtLGkdK6J6_oE--eNzBJgRbhGZdEg']"
124,Bida Anh Minh,"255 Ung Văn Khiêm, Phường 25, Bình Thạnh, Thành phố Hồ Chí Minh, Vietnam",,,1,5.0,"['https://lh3.googleusercontent.com/a-/AD_cMMQTWNglPnPmx5N6tqRC0QRpvVGsa0tyUKJGyY9F9w', 'https://lh5.googleusercontent.com/p/AF1QipPr93HQAiLLfwXeOXLATIH1HkpvoCR6EFJFZJVG']"
125,Hỏa Billiards Club - CLB Bida Hỏa,"46 Đ. Nguyễn Cửu Vân, Phường 17, Bình Thạnh, Thành phố Hồ Chí Minh 760000, Vietnam",facebook.com,+84 93 727 21 94,11,4.3,"['https://lh5.googleusercontent.com/p/AF1QipOkbH5TcthA9BcUERUmNYnKAO9NCkxACgC5yVaG', 'https://lh5.googleusercontent.com/p/AF1QipMQHzJhFefofWI0cJcSuyU7HkwF1Jr1f-xtrAoh']"
126,Billiards THỊNH PHÁT 2,"21 Trần Quý Cáp, Phường 11, Bình Thạnh, Thành phố Hồ Chí Minh 70000, Vietnam",billiardsthinhphat2.com,+84 93 750 98 96,22,5.0,"['https://lh5.googleusercontent.com/p/AF1QipM7HWVhBjv4rvoCv9ebeHCQAGHf_CjgPYVQmrf9', 'https://lh5.googleusercontent.com/p/AF1QipOkbH5TcthA9BcUERUmNYnKAO9NCkxACgC5yVaG']"
127,Câu Lạc Bộ Bida LYP - Âu Cơ Tân Bình,"622 Âu Cơ, Phường 10, Tân Bình, Thành phố Hồ Chí Minh 700000, Vietnam",,+84 839 393 030,151,4.7,"['https://lh5.googleusercontent.com/p/AF1QipMU6sqcwcm15VV1mWeW8A08EryJSlvTcl7we1O7', 'https://lh5.googleusercontent.com/p/AF1QipO9rkPOD4gDSmcz45PADkDOazxJ0pk8yAWw1i5A']"
128,CLB Bida 143,"9 Phạm Văn Hai, Phường 1, Tân Bình, Thành phố Hồ Chí Minh, Vietnam",,,69,4.0,"['https://lh5.googleusercontent.com/p/AF1QipO9rkPOD4gDSmcz45PADkDOazxJ0pk8yAWw1i5A', 'https://lh5.googleusercontent.com/p/AF1QipMU6sqcwcm15VV1mWeW8A08EryJSlvTcl7we1O7']"
129,Câu lạc bộ Bida The One,"280 Âu Cơ, Phường 9, Tân Bình, Thành phố Hồ Chí Minh, Vietnam",,+84 868 381 138,51,4.2,"['https://lh5.googleusercontent.com/p/AF1QipOh2aNkS4qnWh1wBOOiYIa3CQO3n2OKMpDqbybQ', 'https://lh5.googleusercontent.com/p/AF1QipO9rkPOD4gDSmcz45PADkDOazxJ0pk8yAWw1i5A']"
130,Billiard Club,"83 Thăng Long, Phường 4, Tân Bình, Thành phố Hồ Chí Minh, Vietnam",,+84 28 3842 0955,1,5.0,"['https://lh5.googleusercontent.com/p/AF1QipOh2aNkS4qnWh1wBOOiYIa3CQO3n2OKMpDqbybQ', 'https://lh5.googleusercontent.com/p/AF1QipMU6sqcwcm15VV1mWeW8A08EryJSlvTcl7we1O7']"
131,Clb Bida 61,"1 Đ. Phan Đình Giót, Phường 2, Tân Bình, Thành phố Hồ Chí Minh, Vietnam",,,3,4.3,"['https://lh5.googleusercontent.com/p/AF1QipMU6sqcwcm15VV1mWeW8A08EryJSlvTcl7we1O7', 'https://lh5.googleusercontent.com/p/AF1QipO9rkPOD4gDSmcz45PADkDOazxJ0pk8yAWw1i5A']"
132,Billiards Club Vành Đai,"171 Đường số 7, Bình Trị Đông B, Bình Tân, Thành phố Hồ Chí Minh, Vietnam",,,23,4.3,"['https://lh5.googleusercontent.com/p/AF1QipNq4MD5ARsE7CsaN1NGOwnbyVyQuFz2IVfNao4x', 'https://lh5.googleusercontent.com/p/AF1QipMU6sqcwcm15VV1mWeW8A08EryJSlvTcl7we1O7']"
133,Clb Billiards 61,"61 Bình Giã, Phường 13, Tân Bình, Thành phố Hồ Chí Minh, Vietnam",,,5,4.2,"['https://lh5.googleusercontent.com/p/AF1QipN35WpeA0in-xipCNsiMkuDfmh-o_myPQaD1GvF', 'https://lh5.googleusercontent.com/p/AF1QipNq4MD5ARsE7CsaN1NGOwnbyVyQuFz2IVfNao4x']"
134,TS BILLIARDS CLUB,"35 Đất Thánh, Phường 6, Tân Bình, Thành phố Hồ Chí Minh, Vietnam",,+84 707 250 000,12,4.6,"['https://lh5.googleusercontent.com/p/AF1QipMfpV4WYYYsfdHhESSPGodowV7bFbEndFNMtWBZ', 'https://lh5.googleusercontent.com/p/AF1QipN35WpeA0in-xipCNsiMkuDfmh-o_myPQaD1GvF']"
135,Câu Lạc Bộ Bida,"353 Nguyễn Trọng Tuyển, Phường 1, Tân Bình, Thành phố Hồ Chí Minh, Vietnam",,,,,"['https://lh5.googleusercontent.com/p/AF1QipMfpV4WYYYsfdHhESSPGodowV7bFbEndFNMtWBZ', 'https://lh5.googleusercontent.com/p/AF1QipMU6sqcwcm15VV1mWeW8A08EryJSlvTcl7we1O7']"
136,Clb Bida Quen Quen,"662 Trường Chinh, Phường 15, Tân Bình, Thành phố Hồ Chí Minh, Vietnam",,+84 28 3812 5735,6,4.5,"['https://lh5.googleusercontent.com/p/AF1QipMU6sqcwcm15VV1mWeW8A08EryJSlvTcl7we1O7', 'https://lh5.googleusercontent.com/p/AF1QipO9rkPOD4gDSmcz45PADkDOazxJ0pk8yAWw1i5A']"
137,Bida LYP,"436 Nguyễn Kiệm, Phường 3, Phú Nhuận, Thành phố Hồ Chí Minh 700000, Vietnam",m.facebook.com,+84 823 453 030,265,4.4,"['https://lh5.googleusercontent.com/p/AF1QipPXpLohtd7higInJ_P4NxsVGU1nus9aQmVqEdVM', 'https://lh5.googleusercontent.com/p/AF1QipMuHDqhhhkgd9OwGslzOsqgGh5S8_9lFk6wpxqk']"
138,Billiards Club Quán Quân,"119 Hoàng Văn Thụ, Phường 8, Phú Nhuận, Thành phố Hồ Chí Minh, Vietnam",,+84 28 3844 7626,1,1.0,"['https://lh5.googleusercontent.com/p/AF1QipMuHDqhhhkgd9OwGslzOsqgGh5S8_9lFk6wpxqk', 'https://lh5.googleusercontent.com/p/AF1QipPXpLohtd7higInJ_P4NxsVGU1nus9aQmVqEdVM']"
139,Câu Lạc Bộ Bida LYP - Phan Xích Long Phú Nhuận,"476 Phan Xích Long, Phường 3, Phú Nhuận, Thành phố Hồ Chí Minh 700000, Vietnam",facebook.com,+84 822 223 030,177,4.7,"['https://lh5.googleusercontent.com/p/AF1QipMo7W50ErA_C2MsMNhebuOl9D4Wl33_bBQPzxke', 'https://lh5.googleusercontent.com/p/AF1QipMuHDqhhhkgd9OwGslzOsqgGh5S8_9lFk6wpxqk']"
140,BILLIARDS NINE CLUB,"170/2 đường Phan Đăng Lưu, P.3, Phú Nhuận, Phường 3, Phú Nhuận, Thành phố Hồ Chí Minh, Vietnam",,+84 28 2240 0084,4,3.8,"['https://lh5.googleusercontent.com/p/AF1QipMo7W50ErA_C2MsMNhebuOl9D4Wl33_bBQPzxke', 'https://lh5.googleusercontent.com/p/AF1QipPXpLohtd7higInJ_P4NxsVGU1nus9aQmVqEdVM']"
141,Billards 162,"134 Trần Kế Xương, Phường 7, Phú Nhuận, Thành phố Hồ Chí Minh, Vietnam",,+84 90 988 58 08,9,4.8,"['https://lh5.googleusercontent.com/p/AF1QipORnzo_pe0dh7VXhmvWxtZEQ2R7VnOFhnJjOmYH', 'https://lh5.googleusercontent.com/p/AF1QipPXpLohtd7higInJ_P4NxsVGU1nus9aQmVqEdVM']"
142,Clb Bida A3,"66 Nguyễn Văn Đậu, Phường 6, Phú Nhuận, Thành phố Hồ Chí Minh, Vietnam",,,51,4.2,"['https://lh5.googleusercontent.com/p/AF1QipNJETZJa0xh8f3izPiUP1dRF71Dx_NkxkVLXmG1', 'https://lh5.googleusercontent.com/p/AF1QipORnzo_pe0dh7VXhmvWxtZEQ2R7VnOFhnJjOmYH']"
143,Hệ Thống Billiards Sinh Đôi,"106 Đ. Phùng Văn Cung, Phường 7, Phú Nhuận, Thành phố Hồ Chí Minh, Vietnam",,+84 93 235 79 05,,,"['https://lh5.googleusercontent.com/p/AF1QipNJETZJa0xh8f3izPiUP1dRF71Dx_NkxkVLXmG1', 'https://lh5.googleusercontent.com/p/AF1QipPXpLohtd7higInJ_P4NxsVGU1nus9aQmVqEdVM']"
144,Clb Bida Khanh,"123 Phan Đăng Lưu, Phường 2, Phú Nhuận, Thành phố Hồ Chí Minh, Vietnam",,+84 28 3995 0208,,,"['https://lh5.googleusercontent.com/p/AF1QipPXpLohtd7higInJ_P4NxsVGU1nus9aQmVqEdVM', 'https://lh5.googleusercontent.com/p/AF1QipMuHDqhhhkgd9OwGslzOsqgGh5S8_9lFk6wpxqk']"
145,Clb Bida Thiên Trúc,"67 Nguyễn Công Hoan, Phường 7, Phú Nhuận, Thành phố Hồ Chí Minh, Vietnam",,,16,4.1,"['https://lh5.googleusercontent.com/p/AF1QipMn_QIM7M3BAINaO7zVUq4nUF1oEi5MRUm1x8Tt', 'https://lh5.googleusercontent.com/p/AF1QipPXpLohtd7higInJ_P4NxsVGU1nus9aQmVqEdVM']"
146,Clb Bida Dũng,"553 Nguyễn Kiệm, Phường 9, Phú Nhuận, Thành phố Hồ Chí Minh, Vietnam",,,,,"['https://lh5.googleusercontent.com/p/AF1QipMn_QIM7M3BAINaO7zVUq4nUF1oEi5MRUm1x8Tt', 'https://lh5.googleusercontent.com/p/AF1QipPXpLohtd7higInJ_P4NxsVGU1nus9aQmVqEdVM']"
147,Clb Bida Tân Phú Quý,"189 Tân Kỳ Tân Quý, Tân Sơn Nhì, Tân Phú, Thành phố Hồ Chí Minh, Vietnam",,+84 28 3810 0906,21,4.6,"['https://lh5.googleusercontent.com/p/AF1QipMSu0iPLOAy361PrLppyB8nrP_GO8rWPUKoN4Gr', 'https://lh5.googleusercontent.com/p/AF1QipOannGQtpovlJrKNZgYuctoGE1W6kyQU09hSegj']"
148,CLB Bida Máy Lạnh T2 Quận Tân Phú,"347 Tân Kỳ Tân Quý, Tân Quý, Tân Phú, Thành phố Hồ Chí Minh, Vietnam",facebook.com,+84 93 523 35 21,24,5.0,"['https://lh5.googleusercontent.com/p/AF1QipOannGQtpovlJrKNZgYuctoGE1W6kyQU09hSegj', 'https://lh5.googleusercontent.com/p/AF1QipMSu0iPLOAy361PrLppyB8nrP_GO8rWPUKoN4Gr']"
149,Câu Lạc Bộ Bida LYP - Lũy Bán Bích Tân Phú,"302 Lũy Bán Bích, Hoà Thanh, Tân Phú, Thành phố Hồ Chí Minh 70000, Vietnam",facebook.com,+84 839 793 030,213,4.7,"['https://lh5.googleusercontent.com/p/AF1QipMlHdH1GHk_URyhTW3vHqWxNJ5VgZFeeOLy4Dj8', 'https://lh5.googleusercontent.com/p/AF1QipOannGQtpovlJrKNZgYuctoGE1W6kyQU09hSegj']"
150,Q7 Billiard - Thoả mãn đam mê,"476A Lũy Bán Bích, Hoà Thanh, Tân Phú, Thành phố Hồ Chí Minh 70000, Vietnam",facebook.com,+84 96 100 61 63,29,4.2,"['https://lh5.googleusercontent.com/p/AF1QipODp-5bJ3DPCxmrwwSudwxTKgNpeUpdktziGbgf', 'https://lh5.googleusercontent.com/p/AF1QipMlHdH1GHk_URyhTW3vHqWxNJ5VgZFeeOLy4Dj8']"
151,Clb Billiards,"5 Đường Trần Hưng Đạo, Tân Thành, Tân Phú, Thành phố Hồ Chí Minh 70000, Vietnam",,+84 28 3849 6403,,,"['https://lh5.googleusercontent.com/p/AF1QipODp-5bJ3DPCxmrwwSudwxTKgNpeUpdktziGbgf', 'https://lh5.googleusercontent.com/p/AF1QipMSu0iPLOAy361PrLppyB8nrP_GO8rWPUKoN4Gr']"
152,Bon Billiards Club Tân Phú,"60 Đường Bờ Bao, P, Tân Phú, Thành phố Hồ Chí Minh 72010, Vietnam",business.site,+84 90 442 51 14,,,"['https://lh5.googleusercontent.com/p/AF1QipOCwydEtDQo6h4Kt3oE2IipPDrrNV_qdr0cOuzo', 'https://lh5.googleusercontent.com/p/AF1QipMSu0iPLOAy361PrLppyB8nrP_GO8rWPUKoN4Gr']"
153,CLB Bida Go On CN 429A Lê Trọng Tấn,"429a Lê Trọng Tấn, Sơn Kỳ, Tân Phú, Thành phố Hồ Chí Minh, Vietnam",,+84 93 747 30 08,26,4.2,"['https://lh5.googleusercontent.com/p/AF1QipMzcuaFQ_1Mk9yxRpBHT2tOH0_vXAF8BHeua-pk', 'https://lh5.googleusercontent.com/p/AF1QipOCwydEtDQo6h4Kt3oE2IipPDrrNV_qdr0cOuzo']"
154,Nguyen Thi Ngoc Tram Billiard Club,"14A, Đường Luỹ Bán Bích, Quận Tân Phú, Tân Thành, Tân Phú, Thành phố Hồ Chí Minh, Vietnam",,+84 91 618 38 78,2,4.0,"['https://lh5.googleusercontent.com/p/AF1QipMN-yiArRjhLrt9oS5hJZIz5TFJDXrA69uX11v7', 'https://lh5.googleusercontent.com/p/AF1QipMzcuaFQ_1Mk9yxRpBHT2tOH0_vXAF8BHeua-pk']"
155,Billiards NewClub 1 Tân Thành,"1 Đ. Tân Thành, Phường, Tân Phú, Thành phố Hồ Chí Minh, Vietnam",,+84 90 162 26 10,42,4.1,"['https://lh5.googleusercontent.com/p/AF1QipOmCu_5IUFydQ_hEjWIX42-wE7SqnWYS6Xzyr5X', 'https://lh5.googleusercontent.com/p/AF1QipMN-yiArRjhLrt9oS5hJZIz5TFJDXrA69uX11v7']"
156,Zoom Bida Tân Phú,"110B Tân Quý, Tân Phú, Thành phố Hồ Chí Minh, Vietnam",facebook.com,+84 392 787 379,31,4.9,"['https://lh5.googleusercontent.com/p/AF1QipMoDnHuFNu6NiSXhuCZisCir7v-0q1RYAn2QrA', 'https://lh5.googleusercontent.com/p/AF1QipOmCu_5IUFydQ_hEjWIX42-wE7SqnWYS6Xzyr5X']"
157,CLB Billiards Win,"541 Nguyễn Oanh, Phường 6, Gò Vấp, Thành phố Hồ Chí Minh, Vietnam",,,3,4.7,"['https://lh5.googleusercontent.com/p/AF1QipOY9kdfnJc3syhCA_p_gDKCqbazfISW_4fLlyAo', 'https://lh5.googleusercontent.com/p/AF1QipOsGbfq7NwlsJh5N5oZVYrmIZecQMR5_cnqOTYX']"
158,Vũ Tâm Billiards Gò Vấp. Cơ Bida Phụ Kiện Bida,"125/19 Đ. Lê Đức Thọ, Phường 7, Gò Vấp, Thành phố Hồ Chí Minh 74000, Vietnam",vutambilliards.com,+84 94 591 39 99,30,5.0,"['https://lh5.googleusercontent.com/p/AF1QipOsGbfq7NwlsJh5N5oZVYrmIZecQMR5_cnqOTYX', 'https://lh5.googleusercontent.com/p/AF1QipOY9kdfnJc3syhCA_p_gDKCqbazfISW_4fLlyAo']"
159,Quốc Nguyện Billiards Club,"RMHR+8H6, Nguyễn Thái Sơn, Phường 5, Gò Vấp, Thành phố Hồ Chí Minh 700000, Vietnam",,,16,4.2,"['https://lh5.googleusercontent.com/p/AF1QipMdByunD0WHHSSybrcRd90v8MnvDf_MTaz6Grvh', 'https://lh5.googleusercontent.com/p/AF1QipOsGbfq7NwlsJh5N5oZVYrmIZecQMR5_cnqOTYX']"
160,Billiards Club 888,"Số 8 Đ. số 3, Phường 9, Gò Vấp, Thành phố Hồ Chí Minh 700000, Vietnam",facebook.com,+84 94 741 68 39,36,4.5,"['https://lh5.googleusercontent.com/p/AF1QipOOXKKUudom8IxdocEdBes_-fmEVqAWFNCVQrKI', 'https://lh5.googleusercontent.com/p/AF1QipMdByunD0WHHSSybrcRd90v8MnvDf_MTaz6Grvh']"
161,Clb Bida GO ON,"1252 Quang Trung, Phường 08, Gò Vấp, Thành phố Hồ Chí Minh, Vietnam",,,6,5.0,"['https://lh5.googleusercontent.com/p/AF1QipN8dxyCeGDI_dLkzoLnANkpgwsdMv__Uf4eDzXj', 'https://lh5.googleusercontent.com/p/AF1QipOOXKKUudom8IxdocEdBes_-fmEVqAWFNCVQrKI']"
162,Club Bida Lê Thịnh,"87 Nguyên Hồng, Phường 1, Gò Vấp, Thành phố Hồ Chí Minh 70000, Vietnam",,+84 93 800 29 08,9,4.8,"['https://lh5.googleusercontent.com/p/AF1QipOtsFsyrhl_Z3EjtVAsHgZd5tATD13MwXldg7m2', 'https://lh5.googleusercontent.com/p/AF1QipN8dxyCeGDI_dLkzoLnANkpgwsdMv__Uf4eDzXj']"
163,MTV BIilliards club (Câu lạc bộ Bida MTV) Chi Nhánh 2,"124 Đường số 20, Phường 5, Gò Vấp, Thành phố Hồ Chí Minh 700000, Vietnam",facebook.com,+84 377 899 444,50,4.9,"['https://lh5.googleusercontent.com/p/AF1QipMfWP-F-EXN5Zs8R39lY6WqOl4PKUVyqIkB118m', 'https://lh5.googleusercontent.com/p/AF1QipOtsFsyrhl_Z3EjtVAsHgZd5tATD13MwXldg7m2']"
164,Clb Bida Sài Gòn,"26 Đ. Phan Văn Trị, Phường 7, Gò Vấp, Thành phố Hồ Chí Minh, Vietnam",,,22,4.0,"['https://lh5.googleusercontent.com/p/AF1QipMNGSSAbYSblOHK46YFOnbsNRjSTcRse0aA6Y77', 'https://lh5.googleusercontent.com/p/AF1QipMfWP-F-EXN5Zs8R39lY6WqOl4PKUVyqIkB118m']"
165,Billiards Club,"70/6E Đ. Lê Văn Thọ, Phường 8, Gò Vấp, Thành phố Hồ Chí Minh, Vietnam",,+84 93 828 86 55,,,"['https://lh5.googleusercontent.com/p/AF1QipMNGSSAbYSblOHK46YFOnbsNRjSTcRse0aA6Y77', 'https://lh5.googleusercontent.com/p/AF1QipOY9kdfnJc3syhCA_p_gDKCqbazfISW_4fLlyAo']"
166,Hoàng Sao | Billiards & Passion,"152 Nguyễn Oanh, Phường 7, Gò Vấp, Thành phố Hồ Chí Minh 70000, Vietnam",hoangsao.vn,+84 96 357 74 17,34,4.5,"['https://lh5.googleusercontent.com/p/AF1QipMGCk_VO74KF1E_TA_cbsq_4vkadXv-rFu58E3R', 'https://lh5.googleusercontent.com/p/AF1QipOY9kdfnJc3syhCA_p_gDKCqbazfISW_4fLlyAo']"
167,Billiards Club Vành Đai,"171 Đường số 7, Bình Trị Đông B, Bình Tân, Thành phố Hồ Chí Minh, Vietnam",,,23,4.3,"['https://lh5.googleusercontent.com/p/AF1QipNq4MD5ARsE7CsaN1NGOwnbyVyQuFz2IVfNao4x', 'https://lh5.googleusercontent.com/p/AF1QipMFxjbupQh0qjHUl9Uz7HJoKndk-0E-zglN6M90']"
168,Clb Bida Vành Đai,"110 Đ. Vành Đai Trong, An Lạc A, Bình Tân, Thành phố Hồ Chí Minh, Vietnam",,+84 28 3877 9144,1,5.0,"['https://lh5.googleusercontent.com/p/AF1QipNq4MD5ARsE7CsaN1NGOwnbyVyQuFz2IVfNao4x', 'https://lh5.googleusercontent.com/p/AF1QipMFxjbupQh0qjHUl9Uz7HJoKndk-0E-zglN6M90']"
169,Clb Bida 267,"267 Phan Anh, Bình Trị Đông, Bình Tân, Thành phố Hồ Chí Minh, Vietnam",,,,,"['https://lh5.googleusercontent.com/p/AF1QipNq4MD5ARsE7CsaN1NGOwnbyVyQuFz2IVfNao4x', 'https://lh5.googleusercontent.com/p/AF1QipMFxjbupQh0qjHUl9Uz7HJoKndk-0E-zglN6M90']"
170,Câu Lạc Bộ Bida LYP - Âu Cơ Tân Bình,"622 Âu Cơ, Phường 10, Tân Bình, Thành phố Hồ Chí Minh 700000, Vietnam",,+84 839 393 030,151,4.7,"['https://lh5.googleusercontent.com/p/AF1QipMFxjbupQh0qjHUl9Uz7HJoKndk-0E-zglN6M90', 'https://lh5.googleusercontent.com/p/AF1QipNq4MD5ARsE7CsaN1NGOwnbyVyQuFz2IVfNao4x']"
171,CLB Bida 143,"9 Phạm Văn Hai, Phường 1, Tân Bình, Thành phố Hồ Chí Minh, Vietnam",,,69,4.0,"['https://lh5.googleusercontent.com/p/AF1QipNhkppJWyPipvwrEuYa-2e_GBXkrq9kRg7gn8JO', 'https://lh5.googleusercontent.com/p/AF1QipMFxjbupQh0qjHUl9Uz7HJoKndk-0E-zglN6M90']"
172,Câu lạc bộ Bida The One,"280 Âu Cơ, Phường 9, Tân Bình, Thành phố Hồ Chí Minh, Vietnam",,+84 868 381 138,51,4.2,"['https://lh5.googleusercontent.com/p/AF1QipOh2aNkS4qnWh1wBOOiYIa3CQO3n2OKMpDqbybQ', 'https://lh5.googleusercontent.com/p/AF1QipNhkppJWyPipvwrEuYa-2e_GBXkrq9kRg7gn8JO']"
173,Clb Bida Tài,"94 Đ. Vành Đai Trong, An Lạc A, Bình Tân, Thành phố Hồ Chí Minh, Vietnam",,,,,"['https://lh5.googleusercontent.com/p/AF1QipOh2aNkS4qnWh1wBOOiYIa3CQO3n2OKMpDqbybQ', 'https://lh5.googleusercontent.com/p/AF1QipNq4MD5ARsE7CsaN1NGOwnbyVyQuFz2IVfNao4x']"
174,Billiard Club,"83 Thăng Long, Phường 4, Tân Bình, Thành phố Hồ Chí Minh, Vietnam",,+84 28 3842 0955,1,5.0,"['https://lh5.googleusercontent.com/p/AF1QipNq4MD5ARsE7CsaN1NGOwnbyVyQuFz2IVfNao4x', 'https://lh5.googleusercontent.com/p/AF1QipMFxjbupQh0qjHUl9Uz7HJoKndk-0E-zglN6M90']"
175,Clb Bida 66,"66 Đường Số 26, Bình Trị Đông B, Bình Tân, Thành phố Hồ Chí Minh, Vietnam",,,,,"['https://lh5.googleusercontent.com/p/AF1QipNq4MD5ARsE7CsaN1NGOwnbyVyQuFz2IVfNao4x', 'https://lh5.googleusercontent.com/p/AF1QipMFxjbupQh0qjHUl9Uz7HJoKndk-0E-zglN6M90']"
176,Clb Bida 61,"1 Đ. Phan Đình Giót, Phường 2, Tân Bình, Thành phố Hồ Chí Minh, Vietnam",,,3,4.3,"['https://lh5.googleusercontent.com/p/AF1QipNq4MD5ARsE7CsaN1NGOwnbyVyQuFz2IVfNao4x', 'https://lh5.googleusercontent.com/p/AF1QipMFxjbupQh0qjHUl9Uz7HJoKndk-0E-zglN6M90']"
177,Billiards Clup TOP ONE,"239 Đ. Số 11, Linh Xuân, Thủ Đức, Thành phố Hồ Chí Minh, Vietnam",,+84 91 986 19 95,10,4.6,"['https://lh5.googleusercontent.com/p/AF1QipNorP9_QXEIFtzJYYfdZYk7j9v8Eyh_18d1boji', 'https://lh5.googleusercontent.com/p/AF1QipPDPdDhiyNEmxQYUkiXx9qH1yAZSQE6UUiRHwCy']"
178,Billiards club Tu Sang (clb bida Tư Sang),"Đ. Số 1, Phường Linh Trung, Thủ Đức, Thành phố Hồ Chí Minh 700000, Vietnam",,+84 91 634 87 48,18,4.6,"['https://lh5.googleusercontent.com/p/AF1QipM6Fg0wd6Y_iGPMY6rHCJouKYtsV537V8CA5uUA', 'https://lh5.googleusercontent.com/p/AF1QipNorP9_QXEIFtzJYYfdZYk7j9v8Eyh_18d1boji']"
179,Billiards KTS2 Club,"21B Bà Giang, Linh Xuân, Thủ Đức, Thành phố Hồ Chí Minh, Vietnam",,,,,"['https://lh5.googleusercontent.com/p/AF1QipM6Fg0wd6Y_iGPMY6rHCJouKYtsV537V8CA5uUA', 'https://lh5.googleusercontent.com/p/AF1QipNorP9_QXEIFtzJYYfdZYk7j9v8Eyh_18d1boji']"
180,Billiards 365 - CLB Bida 365 số 65A cây Keo Thủ Đức,"65A Đường Cây Keo, Khu Phố 1, Thủ Đức, Thành phố Hồ Chí Minh, Vietnam",facebook.com,+84 93 505 59 38,9,4.8,"['https://lh5.googleusercontent.com/p/AF1QipO6Mu6Goo7zuIP-2lIQ75ohqBFpHkGflDq7ZYa5', 'https://lh5.googleusercontent.com/p/AF1QipOzML70pWXVnUQGYr-LDLRWScXfyWWaraY90Qtw']"
181,Tiệm Billiards Đường Cơ Bản,"22 Hoàng Diệu 2, Phường Linh Chiểu, Quận Thủ Đức, Thành phố Hồ Chí Minh, Vietnam",,+84 98 980 79 79,,,"['https://lh5.googleusercontent.com/p/AF1QipO6Mu6Goo7zuIP-2lIQ75ohqBFpHkGflDq7ZYa5', 'https://lh5.googleusercontent.com/p/AF1QipNkyGBvc2hM8mxoNDYHAje-964btmcBYsbY7IBQ']"
182,Billiards Club Phương Vy,"87/5 Đ. Hoàng Diệu 2, Phường Linh Trung, Thủ Đức, Thành phố Hồ Chí Minh, Vietnam",,,19,4.0,"['https://lh5.googleusercontent.com/p/AF1QipP3bCGEP967QeFyt9EUOfI_Tqbo5o0Dv2qUw6hX', 'https://lh5.googleusercontent.com/p/AF1QipOsK5QObCrS-ikVA7WjbMpFWaErneGPD1WEUKVk']"
183,Billiard A7 Club,"38 Đ. số 17, Phường Linh Trung, Thủ Đức, Thành phố Hồ Chí Minh, Vietnam",,,,,"['https://lh5.googleusercontent.com/p/AF1QipP3bCGEP967QeFyt9EUOfI_Tqbo5o0Dv2qUw6hX', 'https://lh5.googleusercontent.com/p/AF1QipNzHyoQF9Hvf4Q6oh8p3460aZVN10GGiPsYT-tA']"
184,Clb Bida Nguyễn Quý,"VQ8J+QPC, Lê Văn Chí, Phường Linh Trung, Thủ Đức, Thành phố Hồ Chí Minh, Vietnam",,,,,"['https://lh5.googleusercontent.com/p/AF1QipMs2dMMLAF4-5IWI_fde6anGTlGl70KVTIyKzhH', 'https://lh5.googleusercontent.com/p/AF1QipM6Fg0wd6Y_iGPMY6rHCJouKYtsV537V8CA5uUA']"
185,CLB Bida Đỗ Vương - Do Vuong Billiards Club,"178 Đ. Hoàng Diệu 2, Phường Linh Trung, Thủ Đức, Thành phố Hồ Chí Minh, Vietnam",,+84 98 373 58 78,41,4.4,"['https://lh5.googleusercontent.com/p/AF1QipNJFlbl5OklJa-4RMzbexuQVLsJmUhKc_FWyW8Y', 'https://lh5.googleusercontent.com/p/AF1QipMs2dMMLAF4-5IWI_fde6anGTlGl70KVTIyKzhH']"
186,CLB Bida Nhẫn Sinh 3 - Nhan Sinh 3 Billiards Club,"219 Đ. Hoàng Diệu 2, Phường Linh Trung, Thủ Đức, Thành phố Hồ Chí Minh, Vietnam",,+84 93 211 13 15,,,"['https://lh5.googleusercontent.com/p/AF1QipN7HnpA-eijC9nW5MvO9tQN9V5hfhsZc-5Vt4Rl', 'https://lh5.googleusercontent.com/p/AF1QipNJFlbl5OklJa-4RMzbexuQVLsJmUhKc_FWyW8Y']"
187,Billiards Anh Em,"Hiệp Bình Chánh, Thủ Đức, Ho Chi Minh City, Vietnam",,,10,3.4,"['https://lh5.googleusercontent.com/p/AF1QipP-N2znWp1aBGqQoDX2pNTkz3B64ioF4p1QytEL', 'https://lh5.googleusercontent.com/p/AF1QipMgVrrYlWMmW3Eb7ZkhJB32g51CDxCSmrYR9KAf']"
188,Qi Billiards,"40 C5/18, Bình Hưng, Bình Chánh, Thành phố Hồ Chí Minh, Vietnam",,+84 92 354 22 94,15,4.7,"['https://lh5.googleusercontent.com/p/AF1QipP-N2znWp1aBGqQoDX2pNTkz3B64ioF4p1QytEL', 'https://lh3.googleusercontent.com/a/AAcHTtc3JUTq2KPoUr-H3TCuoc0f0dBT05McwAiIS96F']"
189,KISS Billiards & Lounge,"866 Đ. Phạm Văn Đồng, Hiệp Bình Chánh, Thủ Đức, Thành phố Hồ Chí Minh 700000, Vietnam",kissbilliards.com,+84 789 737 737,141,4.2,"['https://lh5.googleusercontent.com/p/AF1QipPBIEoR3PcdvllyKpH4WbyW3JpNw5oF6bkmndpe', 'https://lh5.googleusercontent.com/p/AF1QipN3Vxbleezn_s0-Itb6kiZDoaOCj4wyCOP_iFDD']"
190,CLB BIDA SỐ 7,"35 Đ. số 10, Hiệp Bình Chánh, Thủ Đức, Thành phố Hồ Chí Minh, Vietnam",,,7,4.7,"['https://lh5.googleusercontent.com/p/AF1QipO9Owzgh036b5NlkVC50Nq8DBxignzDc4MiH6zS', 'https://lh5.googleusercontent.com/p/AF1QipPBIEoR3PcdvllyKpH4WbyW3JpNw5oF6bkmndpe']"
191,Sao Star Billiards,"RH2G+PXQ, Vĩnh Lộc B, Bình Chánh, Thành phố Hồ Chí Minh, Vietnam",,+84 93 323 33 10,,,"['https://lh5.googleusercontent.com/p/AF1QipNng8Z5PoHJTbAIXYNRMFGOSgegCvl70NR0qxc7', 'https://lh5.googleusercontent.com/p/AF1QipO9Owzgh036b5NlkVC50Nq8DBxignzDc4MiH6zS']"
192,Moon Billiards,"07-09 Đ. số 10, Khu Phố 4, Thủ Đức, Thành phố Hồ Chí Minh, Vietnam",moon-billiards.business.site,+84 385 770 661,20,5.0,"['https://lh5.googleusercontent.com/p/AF1QipOkSmqQAxNjM6fsLSBDIYZtbpiGUph8JSbFZ9cY', 'https://lh5.googleusercontent.com/p/AF1QipNng8Z5PoHJTbAIXYNRMFGOSgegCvl70NR0qxc7']"
193,Billiards Thanh Minh An Lạc,"1332 QL1A, Bình Chánh, Thành phố Hồ Chí Minh, Vietnam",,+84 28 2240 9797,7,5.0,"['https://lh5.googleusercontent.com/p/AF1QipPP13Gm1xoogb-cvlG8nmxwmox0du_P6oX2-oY', 'https://lh5.googleusercontent.com/p/AF1QipOkSmqQAxNjM6fsLSBDIYZtbpiGUph8JSbFZ9cY']"
194,Kent Billiard,"1746 Đ. Vĩnh Lộc, Vĩnh Lộc B, Bình Chánh, Thành phố Hồ Chí Minh, Vietnam",,+84 898 152 801,8,4.4,"['https://lh5.googleusercontent.com/p/AF1QipMTFT2fGWxH-gefDd7Jfal-cFWWwXf0J6YEDV1a', 'https://lh5.googleusercontent.com/p/AF1QipPP13Gm1xoogb-cvlG8nmxwmox0du_P6oX2-oY']"
195,Billiards Club No. 72,"3A60 Đ. Trần Văn Giàu, ấp 3, Bình Chánh, Thành phố Hồ Chí Minh, Vietnam",,,,,"['https://lh5.googleusercontent.com/p/AF1QipM5fP_dNwGrUvEB4VQQM2UTHIQw9ITEwJl2zecl', 'https://lh5.googleusercontent.com/p/AF1QipMTFT2fGWxH-gefDd7Jfal-cFWWwXf0J6YEDV1a']"
196,Billiards Club No. 72,"3A60 Đ. Trần Văn Giàu, ấp 3, Bình Chánh, Thành phố Hồ Chí Minh, Vietnam",,,,,"['https://lh5.googleusercontent.com/p/AF1QipM5fP_dNwGrUvEB4VQQM2UTHIQw9ITEwJl2zecl', 'https://lh5.googleusercontent.com/p/AF1QipMesFkTMND9CqHevgFRJZPGmprGFd306zqRGKGI']"
197,Clb Bida DH Nhà Bè,"35/5 Lê Văn Lương, Phước Kiển, Nhà Bè, Thành phố Hồ Chí Minh, Vietnam",,+84 862 483 536,28,4.8,"['https://lh5.googleusercontent.com/p/AF1QipOgbljt0LwZmm_wg1KvzM9_IoZeuIR_pEQNsO2J', 'https://lh5.googleusercontent.com/p/AF1QipOl_F1oZri5qxNkaCopDgHLVd_BZGaCow_Gc4RX']"
198,Clb Bida Art,"142 Huỳnh Tấn Phát, TT. Nhà Bè, Nhà Bè, Thành phố Hồ Chí Minh, Vietnam",,+84 28 3781 0190,1,3.0,"['https://lh5.googleusercontent.com/p/AF1QipOgbljt0LwZmm_wg1KvzM9_IoZeuIR_pEQNsO2J', 'https://lh3.googleusercontent.com/a-/AD_cMMTxiAJNiGyHvv2omZQt2nNYnG6zcdIk90rWIWv6UQ']"
199,Billiard Cub 79 PRO,"1074 Lê Văn Lương, Phước Kiển, Nhà Bè, Thành phố Hồ Chí Minh, Vietnam",business.site,,3,5.0,"['https://lh5.googleusercontent.com/p/AF1QipNN52SeUYZ88AiRfg3Alalwb4gmgp0ErJeX7fxF', 'https://lh5.googleusercontent.com/p/AF1QipNK5_J-S6FQrzjRQD5SJRQZ_Ups-1THUEUDCwnF']"
200,Nghĩa Coffee Billiard,"PP2Q+MWH, D. Cát Lợi, TT. Nhà Bè, Nhà Bè, Thành phố Hồ Chí Minh, Vietnam",,,,,"['https://lh5.googleusercontent.com/p/AF1QipNN52SeUYZ88AiRfg3Alalwb4gmgp0ErJeX7fxF', 'https://lh5.googleusercontent.com/p/AF1QipPiVcp4WbA3TzvnQM_1_xbj_a5nEUsF6eUzGonu']"
201,Billiards Công Thành,"Huỳnh Tấn Phát, Phú Xuân, Nhà Bè, Thành phố Hồ Chí Minh, Vietnam",business.site,+84 90 139 85 16,,,"['https://lh5.googleusercontent.com/p/AF1QipPiVcp4WbA3TzvnQM_1_xbj_a5nEUsF6eUzGonu', 'https://lh5.googleusercontent.com/p/AF1QipNMSQ5RXyjl3bYHyEMNqO-vOKkY-6UIzaGetw8f']"
202,Billiard Huynh Đệ,"86 Đường Nguyễn Văn Tạo, Long Thới, Nhà Bè, Thành phố Hồ Chí Minh, Vietnam",,,1,3.0,"['https://lh5.googleusercontent.com/p/AF1QipObORLaiRtM11M-jwQuXlUuoZ70V59KHmqUGhql', 'https://lh5.googleusercontent.com/p/AF1QipPiVcp4WbA3TzvnQM_1_xbj_a5nEUsF6eUzGonu']"
203,Billiard ZAKDANG NHA BE,"1091 Lê Văn Lương, Phước Kiển, Nhà Bè, Thành phố Hồ Chí Minh, Vietnam",,+84 90 492 50 44,17,4.5,"['https://lh5.googleusercontent.com/p/AF1QipMk2_gPyAl4IFCt47d0Nhn6ErlT9w5vVh-U6Tig', 'https://lh5.googleusercontent.com/p/AF1QipObORLaiRtM11M-jwQuXlUuoZ70V59KHmqUGhql']"
204,Bida Tấn Sương,"1115 Đường Nguyễn Văn Tạo, Hiệp Phước, Nhà Bè, Thành phố Hồ Chí Minh, Vietnam",,+84 97 888 88 41,2,3.0,"['https://lh5.googleusercontent.com/p/AF1QipMMr_asP-a9N1kntKeTLugmio1uTLS1izBivrjV', 'https://lh5.googleusercontent.com/p/AF1QipMk2_gPyAl4IFCt47d0Nhn6ErlT9w5vVh-U6Tig']"
205,Clb Billiards Tuyết Như,"46 Huỳnh Tấn Phát, TT. Nhà Bè, Nhà Bè, Thành phố Hồ Chí Minh, Vietnam",,+84 28 3781 0154,,,"['https://lh5.googleusercontent.com/p/AF1QipMMr_asP-a9N1kntKeTLugmio1uTLS1izBivrjV', 'https://lh5.googleusercontent.com/p/AF1QipOl_F1oZri5qxNkaCopDgHLVd_BZGaCow_Gc4RX']"
206,Clb Billiards Thanh Tâm,"43 Huỳnh Tấn Phát, TT. Nhà Bè, Nhà Bè, Thành phố Hồ Chí Minh, Vietnam",,+84 28 3873 8687,,,"['https://lh5.googleusercontent.com/p/AF1QipNWJBHuRJtqTK7zM66oXQbGiHmMB8SkyKqtgRhp', 'https://lh5.googleusercontent.com/p/AF1QipPiVcp4WbA3TzvnQM_1_xbj_a5nEUsF6eUzGonu']"
207,CLB Billiards Hiệp Phước Hóc Môn,"50/1 Thái Thị Giữ, ấp Nam Lân, Bà Điểm, Hóc Môn, Thành phố Hồ Chí Minh 70000, Vietnam",,+84 367 604 604,1,5.0,"['https://lh5.googleusercontent.com/p/AF1QipPl2EDzr9tw9R50EQd_fwB4Bsx4qCfEn-Lx40gG', 'https://lh5.googleusercontent.com/p/AF1QipMqvZOHwrKkLs5bxHewNykR6Z6L7_eJXrF0GQz0']"
208,98 Club - Billiards & Coffee - Restaurant,"49 - 49A Tô Ký, Ấp Mới 2, Hóc Môn, Thành phố Hồ Chí Minh 71758, Vietnam",,+84 93 269 89 98,35,4.8,"['https://lh5.googleusercontent.com/p/AF1QipNsaATqO7eyKXMGVwQSyu0nCOxC3rqFsNhJuJYt', 'https://lh5.googleusercontent.com/p/AF1QipPl2EDzr9tw9R50EQd_fwB4Bsx4qCfEn-Lx40gG']"
209,Billiards Club My My,"VJ73+HG2, Đ. Song Hành, Chung Chánh, Hóc Môn, Thành phố Hồ Chí Minh, Vietnam",,,,,"['https://lh5.googleusercontent.com/p/AF1QipNsaATqO7eyKXMGVwQSyu0nCOxC3rqFsNhJuJYt', 'https://lh5.googleusercontent.com/p/AF1QipM-4MxUIYby9ab2j44uoo_yCP6bg0XYupixwbwj']"
210,Club Billiards KEN,"97a Phan Văn Hớn, ấp 1, Hóc Môn, Thành phố Hồ Chí Minh, Vietnam",,,1,4.0,"['https://lh5.googleusercontent.com/p/AF1QipMwuYBSyaBQC1t-wQLC7DrkDftQbMsqAW_Cbgv8', 'https://lh5.googleusercontent.com/p/AF1QipMhNRoVAJGWSUMplZKQGmzgosUowsjqMQsZaSfo']"
211,CLB BIDA NGUYỄN TÁNH,"54/3C Đồng Tâm, Trung Chánh, Hóc Môn, Thành phố Hồ Chí Minh, Vietnam",business.site,+84 359 866 500,2,4.0,"['https://lh5.googleusercontent.com/p/AF1QipOsiT1Ci3gfVqQhuheSQzOj_nAT52gRoUZY8nxy', 'https://lh5.googleusercontent.com/p/AF1QipMwuYBSyaBQC1t-wQLC7DrkDftQbMsqAW_Cbgv8']"
212,Billiard Duy Dương,"201 Đường Trần Thị Bốc, Thới Tam Thôn, Hóc Môn, Thành phố Hồ Chí Minh, Vietnam",,+84 97 235 35 29,,,['https://lh5.googleusercontent.com/p/AF1QipOsiT1Ci3gfVqQhuheSQzOj_nAT52gRoUZY8nxy']
213,Bida Út Nhi,"8/8C Lê Thị Sóc, Xuân Thới Đông, Hóc Môn, Thành phố Hồ Chí Minh, Vietnam",,,15,4.6,"['https://lh5.googleusercontent.com/p/AF1QipMCXBxeFMHCJ1JY9Wwa0iDg12FAOBqIpbZx-wrk', 'https://lh5.googleusercontent.com/p/AF1QipP6IIDP-OTfnxSBqPV1IZ2ur-npbNpHEehjREx6']"
214,CLB BIDA 007 PRO,"336 Tô Ký Ấp Tam Đông 1, Hóc Môn, Thành phố Hồ Chí Minh, Vietnam",,+84 90 882 99 93,13,4.4,"['https://lh5.googleusercontent.com/p/AF1QipM2PxUDCuYz8c3fahY-Q35EuJKy1bhpxEU4-NfX', 'https://lh5.googleusercontent.com/p/AF1QipMCXBxeFMHCJ1JY9Wwa0iDg12FAOBqIpbZx-wrk']"
215,CLB Bida Lê Hạnh,"VH6Q+8MH, Xuân Thới Đông, Hóc Môn, Thành phố Hồ Chí Minh, Vietnam",,,,,['https://lh5.googleusercontent.com/p/AF1QipM2PxUDCuYz8c3fahY-Q35EuJKy1bhpxEU4-NfX']
216,Câu Lạc Bộ Bida 98,"47/5M đường Song Hành, Ấp Mỹ Hòa 1, Tân Xuân, Hóc Môn, Thành phố Hồ Chí Minh 700000, Vietnam",,+84 93 716 68 89,3,5.0,"['https://lh5.googleusercontent.com/p/AF1QipMjb_pUKEliapH85mWPyaU6_eG8y5KlbflFVN2k', 'https://lh3.googleusercontent.com/a/AAcHTtfh4BaQvaCwa3oBmfTjWzRDtdXuvsqk7TgYldE1']"
217,CÔNG TY TNHH BILLIARDS HOANG GIA,"306 TL9, Ấp 4A, Củ Chi, Thành phố Hồ Chí Minh 700000, Vietnam",billiardshoanggia.com,+84 90 899 16 88,14,4.4,"['https://lh5.googleusercontent.com/p/AF1QipPW8RT8rgMwavZck9jAA5h9jWs0dhP9vgcWOqQb', 'https://lh5.googleusercontent.com/p/AF1QipP6LCGdM8ciK97zR8lEOfCHI1OzRc0hA_umR2ci']"
218,Billiards 141,"02a Đường số 28, Tân Thông Hội, Củ Chi, Thành phố Hồ Chí Minh, Vietnam",,,,,"['https://lh5.googleusercontent.com/p/AF1QipPW8RT8rgMwavZck9jAA5h9jWs0dhP9vgcWOqQb', 'https://lh5.googleusercontent.com/p/AF1QipOH8PcaLhETv26g0137fwQCJAVDWI6IN37HT5b3']"
219,BIDA HOÀNG DŨNG,"2158, Bình Mỹ, Củ Chi, Thành phố Hồ Chí Minh, Vietnam",bidahoangdung.com,+84 91 838 79 04,31,4.7,"['https://lh5.googleusercontent.com/p/AF1QipMhy1mlLjdXk3vDRsQ1TzZiswWV0gwWXIYD0nPw', 'https://lh5.googleusercontent.com/p/AF1QipMvNyhCOt-R7ZhA9ubHOv0n4hqEY_PymVMII-wH']"
220,Q T Billiards,"570 TL8, Phước Vĩnh An, Củ Chi, Thành phố Hồ Chí Minh, Vietnam",,,,,"['https://lh5.googleusercontent.com/p/AF1QipPbCmIx14US5-l4DLVugxjbBdA5n88tv5cleUqO', 'https://lh5.googleusercontent.com/p/AF1QipMhy1mlLjdXk3vDRsQ1TzZiswWV0gwWXIYD0nPw']"
221,Nhà máy Cty TNHH Billiards Hoàng Gia,"302A Võ Văn Bích, Ấp 4B, Củ Chi, Thành phố Hồ Chí Minh, Vietnam",billiardshoanggia.com,+84 1900 999958,,,"['https://lh5.googleusercontent.com/p/AF1QipPbCmIx14US5-l4DLVugxjbBdA5n88tv5cleUqO', 'https://lh5.googleusercontent.com/p/AF1QipONy3PijxdZp0Nzh6rqGCQFab84jO6FNRtFP7zz']"
222,Bida hưng thịnh,"1840, TL8, Hoà Phú, Củ Chi, Thành phố Hồ Chí Minh, Vietnam",bidahungthinh.com,+84 94 425 30 35,12,4.8,"['https://lh5.googleusercontent.com/p/AF1QipMq1hX-3AyLRC-OP9zQpecYVy0TRJm7Ssqo4eZA', 'https://lh5.googleusercontent.com/p/AF1QipM9VRaNBFn5KNO12_BTYlbG-q5mreNWSwKn-oe4']"
223,Billiards Club - Café Sân Thượng Em & Tôi,"21 Đ. 24, Linh Đông, Thủ Đức, Thành phố Hồ Chí Minh 70000, Vietnam",,,,,"['https://lh5.googleusercontent.com/p/AF1QipMq1hX-3AyLRC-OP9zQpecYVy0TRJm7Ssqo4eZA', 'https://lh5.googleusercontent.com/p/AF1QipNorP9_QXEIFtzJYYfdZYk7j9v8Eyh_18d1boji']"
224,Trường Thọ Billiards,"43 Tân Lập, Đông Hoà, Dĩ An, Bình Dương, Vietnam",,,,,"['https://lh5.googleusercontent.com/p/AF1QipMq1hX-3AyLRC-OP9zQpecYVy0TRJm7Ssqo4eZA', 'https://lh5.googleusercontent.com/p/AF1QipNnu5mkgvj5EEtIUGUrHugQBc41lDxN9XJL-KZ6']"
225,Clb Billiards Club,"53 Liêu Bình Hương, Tân Thông Hội, Củ Chi, Thành phố Hồ Chí Minh 700000, Vietnam",,,,,"['https://lh5.googleusercontent.com/p/AF1QipOaaNQj9smE1SXu__qOdFiQxzJlHa3I13i8ocU', 'https://lh5.googleusercontent.com/p/AF1QipOH8PcaLhETv26g0137fwQCJAVDWI6IN37HT5b3']"
226,Câu Lạc Bộ Billiards Đá Quý 3,"114A Liêu Bình Hương, Tân Thông Hội, Củ Chi, Thành phố Hồ Chí Minh, Vietnam",,+84 347 028 886,,,[]
227,Trường Thọ Billiards,"43 Tân Lập, Đông Hoà, Dĩ An, Bình Dương, Vietnam",,,,,"['https://lh5.googleusercontent.com/p/AF1QipNnu5mkgvj5EEtIUGUrHugQBc41lDxN9XJL-KZ6', 'https://lh5.googleusercontent.com/p/AF1QipOu5-d0PLbW6GRWLibED4JbFE_IIX3jynK3CiLp']"
228,CLB Bida Huy Hoàng,"114 Duyên Hải, TT. Cần Thạnh, Cần Giờ, Thành phố Hồ Chí Minh, Vietnam",,+84 93 766 31 24,3,4.7,"['https://lh5.googleusercontent.com/p/AF1QipPvAQS2Gus9E7xDUd4mNteS7wyhCwxOmEVmDOwS', 'https://lh5.googleusercontent.com/p/AF1QipP2mIW31U3B4rDny2oEQt8Femm5iwVp8SzrQgJ3']"
229,BILLIARDS,"WVJH+V7G, Long Bình, Thành phố Biên Hòa, Đồng Nai, Vietnam",,+84 93 906 55 55,,,"['https://lh5.googleusercontent.com/p/AF1QipPvAQS2Gus9E7xDUd4mNteS7wyhCwxOmEVmDOwS', 'https://lh5.googleusercontent.com/p/AF1QipOahySj_UNiZBt7HAzxo_Aj1L95riLiSpApWwSx']"
230,Billiards Club - Café Sân Thượng Em & Tôi,"21 Đ. 24, Linh Đông, Thủ Đức, Thành phố Hồ Chí Minh 70000, Vietnam",,,,,"['https://lh5.googleusercontent.com/p/AF1QipPvAQS2Gus9E7xDUd4mNteS7wyhCwxOmEVmDOwS', 'https://lh5.googleusercontent.com/p/AF1QipNorP9_QXEIFtzJYYfdZYk7j9v8Eyh_18d1boji']"
231,Billiards - Cà Phê Sa Kê,"2 Linh Trung, Phường Linh Trung, Thủ Đức, Thành phố Hồ Chí Minh, Vietnam",,,1,5.0,"['https://lh3.googleusercontent.com/a-/AD_cMMR5RNQTk0-YsPPaW-wNg4WkDVBE9ntSh_q_ER3qBQ', 'https://lh5.googleusercontent.com/p/AF1QipM6Fg0wd6Y_iGPMY6rHCJouKYtsV537V8CA5uUA']"
